{
    "name": "root",
    "gauges": {
        "JumpAgent.Policy.Entropy.mean": {
            "value": 1.4223637580871582,
            "min": 1.4208872318267822,
            "max": 1.4223637580871582,
            "count": 3
        },
        "JumpAgent.Policy.Entropy.sum": {
            "value": 71123.875,
            "min": 71123.875,
            "max": 71401.09375,
            "count": 3
        },
        "JumpAgent.Policy.ExtrinsicValueEstimate.mean": {
            "value": 9.407718658447266,
            "min": 8.698433876037598,
            "max": 14.066934585571289,
            "count": 3
        },
        "JumpAgent.Policy.ExtrinsicValueEstimate.sum": {
            "value": 7526.1748046875,
            "min": 6984.8427734375,
            "max": 11548.953125,
            "count": 3
        },
        "JumpAgent.Environment.EpisodeLength.mean": {
            "value": 996.9795918367347,
            "min": 594.9382716049382,
            "max": 996.9795918367347,
            "count": 3
        },
        "JumpAgent.Environment.EpisodeLength.sum": {
            "value": 48852.0,
            "min": 47701.0,
            "max": 48852.0,
            "count": 3
        },
        "JumpAgent.Environment.CumulativeReward.mean": {
            "value": 79.18367346938776,
            "min": 40.0,
            "max": 79.18367346938776,
            "count": 3
        },
        "JumpAgent.Environment.CumulativeReward.sum": {
            "value": 3880.0,
            "min": 3240.0,
            "max": 3880.0,
            "count": 3
        },
        "JumpAgent.Policy.ExtrinsicReward.mean": {
            "value": 79.18367346938776,
            "min": 40.0,
            "max": 79.18367346938776,
            "count": 3
        },
        "JumpAgent.Policy.ExtrinsicReward.sum": {
            "value": 3880.0,
            "min": 3240.0,
            "max": 3880.0,
            "count": 3
        },
        "JumpAgent.Losses.PolicyLoss.mean": {
            "value": 0.0214634220690156,
            "min": 0.0214634220690156,
            "max": 0.024308517756095778,
            "count": 3
        },
        "JumpAgent.Losses.PolicyLoss.sum": {
            "value": 0.10731711034507802,
            "min": 0.08879846537117071,
            "max": 0.12154258878047888,
            "count": 3
        },
        "JumpAgent.Losses.ValueLoss.mean": {
            "value": 3.715163358052571,
            "min": 3.715163358052571,
            "max": 59.311675246556604,
            "count": 3
        },
        "JumpAgent.Losses.ValueLoss.sum": {
            "value": 18.575816790262856,
            "min": 18.575816790262856,
            "max": 237.24670098622641,
            "count": 3
        },
        "JumpAgent.Policy.LearningRate.mean": {
            "value": 0.00022605794464736003,
            "min": 0.00022605794464736003,
            "max": 0.0002846049051317,
            "count": 3
        },
        "JumpAgent.Policy.LearningRate.sum": {
            "value": 0.0011302897232368001,
            "min": 0.0011302897232368001,
            "max": 0.0012843984718671998,
            "count": 3
        },
        "JumpAgent.Policy.Epsilon.mean": {
            "value": 0.17535264000000006,
            "min": 0.17535264000000006,
            "max": 0.19486830000000005,
            "count": 3
        },
        "JumpAgent.Policy.Epsilon.sum": {
            "value": 0.8767632000000003,
            "min": 0.7794732000000002,
            "max": 0.9281328000000001,
            "count": 3
        },
        "JumpAgent.Policy.Beta.mean": {
            "value": 0.003770096736,
            "min": 0.003770096736,
            "max": 0.00474392817,
            "count": 3
        },
        "JumpAgent.Policy.Beta.sum": {
            "value": 0.01885048368,
            "min": 0.01885048368,
            "max": 0.02141382672,
            "count": 3
        },
        "JumpAgent.IsTraining.mean": {
            "value": 1.0,
            "min": 1.0,
            "max": 1.0,
            "count": 3
        },
        "JumpAgent.IsTraining.sum": {
            "value": 1.0,
            "min": 1.0,
            "max": 1.0,
            "count": 3
        }
    },
    "metadata": {
        "timer_format_version": "0.1.0",
        "start_time_seconds": "1619728659",
        "python_version": "3.8.9 (tags/v3.8.9:a743f81, Apr  2 2021, 11:10:41) [MSC v.1928 64 bit (AMD64)]",
        "command_line_arguments": "C:\\Users\\dosso\\ProjectMain\\venv\\Scripts\\mlagents-learn config/MoveAgent.yaml --initialize-from=jump8 --run-id=jump9",
        "mlagents_version": "0.25.0",
        "mlagents_envs_version": "0.25.0",
        "communication_protocol_version": "1.5.0",
        "pytorch_version": "1.8.1+cu102",
        "numpy_version": "1.20.2",
        "end_time_seconds": "1619729488"
    },
    "total": 829.2385684,
    "count": 1,
    "self": 0.007200500000067223,
    "children": {
        "run_training.setup": {
            "total": 0.13613959999999992,
            "count": 1,
            "self": 0.13613959999999992
        },
        "TrainerController.start_learning": {
            "total": 829.0952282999999,
            "count": 1,
            "self": 0.4978604000028781,
            "children": {
                "TrainerController._reset_env": {
                    "total": 6.3808512,
                    "count": 1,
                    "self": 6.3808512
                },
                "TrainerController.advance": {
                    "total": 821.920722399997,
                    "count": 20656,
                    "self": 0.21842649999211972,
                    "children": {
                        "env_step": {
                            "total": 821.7022959000049,
                            "count": 20656,
                            "self": 753.1545581000134,
                            "children": {
                                "SubprocessEnvManager._take_step": {
                                    "total": 68.28590199999024,
                                    "count": 20656,
                                    "self": 1.2035879999947383,
                                    "children": {
                                        "TorchPolicy.evaluate": {
                                            "total": 67.0823139999955,
                                            "count": 20562,
                                            "self": 29.395998999991612,
                                            "children": {
                                                "TorchPolicy.sample_actions": {
                                                    "total": 37.686315000003894,
                                                    "count": 20562,
                                                    "self": 37.686315000003894
                                                }
                                            }
                                        }
                                    }
                                },
                                "workers": {
                                    "total": 0.2618358000011236,
                                    "count": 20655,
                                    "self": 0.0,
                                    "children": {
                                        "worker_root": {
                                            "total": 823.070426599997,
                                            "count": 20655,
                                            "is_parallel": true,
                                            "self": 100.90215299998636,
                                            "children": {
                                                "steps_from_proto": {
                                                    "total": 0.0009924999999997297,
                                                    "count": 1,
                                                    "is_parallel": true,