{
    "name": "root",
    "gauges": {
        "FFormAgent.Policy.Entropy.mean": {
            "value": 1.271584391593933,
            "min": 1.271584391593933,
            "max": 1.2856924533843994,
            "count": 10
        },
        "FFormAgent.Policy.Entropy.sum": {
            "value": 63584.3046875,
            "min": 63565.37890625,
            "max": 64398.140625,
            "count": 10
        },
        "FFormAgent.Environment.EpisodeLength.mean": {
            "value": 36.9984802431611,
            "min": 36.9984802431611,
            "max": 37.79053529868115,
            "count": 10
        },
        "FFormAgent.Environment.EpisodeLength.sum": {
            "value": 48690.0,
            "min": 48673.0,
            "max": 48727.0,
            "count": 10
        },
        "FFormAgent.Policy.ExtrinsicValueEstimate.mean": {
            "value": -25.848249435424805,
            "min": -26.856157302856445,
            "max": -19.45244789123535,
            "count": 10
        },
        "FFormAgent.Policy.ExtrinsicValueEstimate.sum": {
            "value": -34016.296875,
            "min": -35208.421875,
            "max": -25113.111328125,
            "count": 10
        },
        "FFormAgent.Environment.CumulativeReward.mean": {
            "value": -20.024881133917255,
            "min": -20.986843444008862,
            "max": -1.422749220214275,
            "count": 10
        },
        "FFormAgent.Environment.CumulativeReward.sum": {
            "value": -26352.743572235107,
            "min": -27492.76491165161,
            "max": -1832.5009956359863,
            "count": 10
        },
        "FFormAgent.Policy.ExtrinsicReward.mean": {
            "value": -20.024881133917255,
            "min": -20.986843444008862,
            "max": -1.422749220214275,
            "count": 10
        },
        "FFormAgent.Policy.ExtrinsicReward.sum": {
            "value": -26352.743572235107,
            "min": -27492.76491165161,
            "max": -1832.5009956359863,
            "count": 10
        },
        "FFormAgent.Losses.PolicyLoss.mean": {
            "value": 0.023596130899744213,
            "min": 0.022732145542977377,
            "max": 0.02613486013879689,
            "count": 10
        },
        "FFormAgent.Losses.PolicyLoss.sum": {
            "value": 0.11798065449872107,
            "min": 0.09471570546932828,
            "max": 0.13067430069398445,
            "count": 10
        },
        "FFormAgent.Losses.ValueLoss.mean": {
            "value": 91.11454327901205,
            "min": 85.5509231821696,
            "max": 111.58023752848308,
            "count": 10
        },
        "FFormAgent.Losses.ValueLoss.sum": {
            "value": 455.57271639506024,
            "min": 388.97601547241214,
            "max": 557.9011876424154,
            "count": 10
        },
        "FFormAgent.Policy.LearningRate.mean": {
            "value": 1.6737694420800006e-05,
            "min": 1.6737694420800006e-05,
            "max": 0.00028460655513115,
            "count": 10
        },
        "FFormAgent.Policy.LearningRate.sum": {
            "value": 8.368847210400003e-05,
            "min": 8.368847210400003e-05,
            "max": 0.0012844968718343998,
            "count": 10
        },
        "FFormAgent.Policy.Epsilon.mean": {
            "value": 0.10557920000000001,
            "min": 0.10557920000000001,
            "max": 0.19486885,
            "count": 10
        },
        "FFormAgent.Policy.Epsilon.sum": {
            "value": 0.527896,
            "min": 0.5002648000000001,
            "max": 0.9281656,
            "count": 10
        },
        "FFormAgent.Policy.Beta.mean": {
            "value": 0.0002884020800000001,
            "min": 0.0002884020800000001,
            "max": 0.004743955615,
            "count": 10
        },
        "FFormAgent.Policy.Beta.sum": {
            "value": 0.0014420104000000007,
            "min": 0.0014420104000000007,
            "max": 0.021415463439999994,
            "count": 10
        },
        "FFormAgent.IsTraining.mean": {
            "value": 1.0,
            "min": 1.0,
            "max": 1.0,
            "count": 10
        },
        "FFormAgent.IsTraining.sum": {
            "value": 1.0,
            "min": 1.0,
            "max": 1.0,
            "count": 10
        }
    },
    "metadata": {
        "timer_format_version": "0.1.0",
        "start_time_seconds": "1619827828",
        "python_version": "3.8.9 (tags/v3.8.9:a743f81, Apr  2 2021, 11:10:41) [MSC v.1928 64 bit (AMD64)]",
        "command_line_arguments": "C:\\Users\\dosso\\ProjectMain\\venv\\Scripts\\mlagents-learn config/MoveAgent.yaml --initialize-from=rht8 --run-id=rht9",
        "mlagents_version": "0.25.0",
        "mlagents_envs_version": "0.25.0",
        "communication_protocol_version": "1.5.0",
        "pytorch_version": "1.8.1+cu102",
        "numpy_version": "1.20.2",
        "end_time_seconds": "1619829821"
    },
    "total": 1992.0068297999999,
    "count": 1,
    "self": 0.00814289999993889,
    "children": {
        "run_training.setup": {
            "total": 0.14389960000000013,
            "count": 1,
            "self": 0.14389960000000013
        },
        "TrainerController.start_learning": {
            "total": 1991.8547873,
            "count": 1,
            "self": 1.7358659999831616,
            "children": {
                "TrainerController._reset_env": {
                    "total": 8.0801783,
                    "count": 1,
                    "self": 8.0801783
                },
                "TrainerController.advance": {
                    "total": 1981.941581500017,
                    "count": 64722,
                    "self": 0.7733048000145573,
                    "children": {
                        "env_step": {
                            "total": 1981.1682767000025,
                            "count": 64722,
                            "self": 1787.3703328000015,
                            "children": {
                                "SubprocessEnvManager._take_step": {
                                    "total": 192.9065194000034,
                                    "count": 64722,
                                    "self": 3.854368800025469,
                                    "children": {
                                        "TorchPolicy.evaluate": {
                                            "total": 189.05215059997792,
                                            "count": 55577,
                                            "self": 84.25065209999369,
                                            "children": {
                                                "TorchPolicy.sample_actions": {
                                                    "total": 104.80149849998423,
                                                    "count": 55577,
                                                    "self": 104.80149849998423
                                                }
                                            }
                                        }
                                    }
                                },
                                "workers": {
                                    "total": 0.8914244999974805,
                                    "count": 64722,
                                    "self": 0.0,
                                    "children": {
                                        "worker_root": {
                                            "total": 1982.6379317000017,
                                            "count": 64722,
                                            "is_parallel": true,
                                            "self": 294.7642617000263,
                                            "children": {
                                                "steps_from_proto": {
                                                    "total": 0.0008295999999994308,