{
    "name": "root",
    "gauges": {
        "JumpAgent.Policy.Entropy.mean": {
            "value": 1.3414721488952637,
            "min": 1.340327262878418,
            "max": 1.3459141254425049,
            "count": 4
        },
        "JumpAgent.Policy.Entropy.sum": {
            "value": 67127.265625,
            "min": 66925.21875,
            "max": 67555.46875,
            "count": 4
        },
        "JumpAgent.Policy.ExtrinsicValueEstimate.mean": {
            "value": 8.016987800598145,
            "min": -0.30280303955078125,
            "max": 8.016987800598145,
            "count": 4
        },
        "JumpAgent.Policy.ExtrinsicValueEstimate.sum": {
            "value": 6421.60693359375,
            "min": -241.93963623046875,
            "max": 6421.60693359375,
            "count": 4
        },
        "JumpAgent.Environment.EpisodeLength.mean": {
            "value": 984.8846153846154,
            "min": 945.2727272727273,
            "max": 999.0,
            "count": 4
        },
        "JumpAgent.Environment.EpisodeLength.sum": {
            "value": 51214.0,
            "min": 44955.0,
            "max": 51990.0,
            "count": 4
        },
        "JumpAgent.Environment.CumulativeReward.mean": {
            "value": 76.98411995358765,
            "min": -1.5000001266598701,
            "max": 76.98411995358765,
            "count": 4
        },
        "JumpAgent.Environment.CumulativeReward.sum": {
            "value": 4003.174237586558,
            "min": -67.50000569969416,
            "max": 4003.174237586558,
            "count": 4
        },
        "JumpAgent.Policy.ExtrinsicReward.mean": {
            "value": 76.98411995358765,
            "min": -1.5000001266598701,
            "max": 76.98411995358765,
            "count": 4
        },
        "JumpAgent.Policy.ExtrinsicReward.sum": {
            "value": 4003.174237586558,
            "min": -67.50000569969416,
            "max": 4003.174237586558,
            "count": 4
        },
        "JumpAgent.Losses.PolicyLoss.mean": {
            "value": 0.025017596198401104,
            "min": 0.023695713848962137,
            "max": 0.025017596198401104,
            "count": 4
        },
        "JumpAgent.Losses.PolicyLoss.sum": {
            "value": 0.12508798099200552,
            "min": 0.0988371854099872,
            "max": 0.12508798099200552,
            "count": 4
        },
        "JumpAgent.Losses.ValueLoss.mean": {
            "value": 11.6256365331014,
            "min": 0.011433621872371683,
            "max": 35.86404002507528,
            "count": 4
        },
        "JumpAgent.Losses.ValueLoss.sum": {
            "value": 58.128182665507,
            "min": 0.04573448748948673,
            "max": 179.3202001253764,
            "count": 4
        },
        "JumpAgent.Policy.LearningRate.mean": {
            "value": 0.00019309851563384,
            "min": 0.00019309851563384,
            "max": 0.00028390800536399997,
            "count": 4
        },
        "JumpAgent.Policy.LearningRate.sum": {
            "value": 0.0009654925781692,
            "min": 0.0009654925781692,
            "max": 0.0012755796748068,
            "count": 4
        },
        "JumpAgent.Policy.Epsilon.mean": {
            "value": 0.16436616000000004,
            "min": 0.16436616000000004,
            "max": 0.194636,
            "count": 4
        },
        "JumpAgent.Policy.Epsilon.sum": {
            "value": 0.8218308000000002,
            "min": 0.778544,
            "max": 0.9251932000000002,
            "count": 4
        },
        "JumpAgent.Policy.Beta.mean": {
            "value": 0.0032218713840000005,
            "min": 0.0032218713840000005,
            "max": 0.004732336400000001,
            "count": 4
        },
        "JumpAgent.Policy.Beta.sum": {
            "value": 0.01610935692,
            "min": 0.01610935692,
            "max": 0.021267140679999998,
            "count": 4
        },
        "JumpAgent.IsTraining.mean": {
            "value": 1.0,
            "min": 1.0,
            "max": 1.0,
            "count": 4
        },
        "JumpAgent.IsTraining.sum": {
            "value": 1.0,
            "min": 1.0,
            "max": 1.0,
            "count": 4
        }
    },
    "metadata": {
        "timer_format_version": "0.1.0",
        "start_time_seconds": "1619737305",
        "python_version": "3.8.9 (tags/v3.8.9:a743f81, Apr  2 2021, 11:10:41) [MSC v.1928 64 bit (AMD64)]",
        "command_line_arguments": "C:\\Users\\dosso\\ProjectMain\\venv\\Scripts\\mlagents-learn config/MoveAgent.yaml --initialize-from=jump15 --run-id=jump16",
        "mlagents_version": "0.25.0",
        "mlagents_envs_version": "0.25.0",
        "communication_protocol_version": "1.5.0",
        "pytorch_version": "1.8.1+cu102",
        "numpy_version": "1.20.2",
        "end_time_seconds": "1619737927"
    },
    "total": 622.0476176999999,
    "count": 1,
    "self": 0.006888699999990422,
    "children": {
        "run_training.setup": {
            "total": 0.1336037,
            "count": 1,
            "self": 0.1336037
        },
        "TrainerController.start_learning": {
            "total": 621.9071253,
            "count": 1,
            "self": 0.47280939999689053,
            "children": {
                "TrainerController._reset_env": {
                    "total": 6.5590827,
                    "count": 1,
                    "self": 6.5590827
                },
                "TrainerController.advance": {
                    "total": 614.7665586000032,
                    "count": 22688,
                    "self": 0.20118920000334128,
                    "children": {
                        "env_step": {
                            "total": 614.5653693999999,
                            "count": 22688,
                            "self": 557.0295939999909,
                            "children": {
                                "SubprocessEnvManager._take_step": {
                                    "total": 57.2712866999996,
                                    "count": 22688,
                                    "self": 1.1651406000020401,
                                    "children": {
                                        "TorchPolicy.evaluate": {
                                            "total": 56.10614609999756,
                                            "count": 22651,
                                            "self": 18.728784999997735,
                                            "children": {
                                                "TorchPolicy.sample_actions": {
                                                    "total": 37.377361099999824,
                                                    "count": 22651,
                                                    "self": 37.377361099999824
                                                }
                                            }
                                        }
                                    }
                                },
                                "workers": {
                                    "total": 0.2644887000094247,
                                    "count": 22687,
                                    "self": 0.0,
                                    "children": {
                                        "worker_root": {
                                            "total": 615.9276199000004,
                                            "count": 22687,
                                            "is_parallel": true,
                                            "self": 89.57055900000046,
                                            "children": {
                                                "steps_from_proto": {
                                                    "total": 0.0007191999999998089,
                                                    "count": 1,