{
    "name": "root",
    "metadata": {
        "timer_format_version": "0.1.0",
        "start_time_seconds": "1619788830",
        "python_version": "3.8.9 (tags/v3.8.9:a743f81, Apr  2 2021, 11:10:41) [MSC v.1928 64 bit (AMD64)]",
        "command_line_arguments": "C:\\Users\\dosso\\ProjectMain\\venv\\Scripts\\mlagents-learn config/MoveAgent.yaml --initialize-from=jump22 --run-id=jump23",
        "mlagents_version": "0.25.0",
        "mlagents_envs_version": "0.25.0",
        "communication_protocol_version": "1.5.0",
        "pytorch_version": "1.8.1+cu102",
        "numpy_version": "1.20.2",
        "end_time_seconds": "1619788878"
    },
    "total": 48.1071932,
    "count": 1,
    "self": 0.005089199999993355,
    "children": {
        "run_training.setup": {
            "total": 0.12752379999999996,
            "count": 1,
            "self": 0.12752379999999996
        },
        "TrainerController.start_learning": {
            "total": 47.974580200000005,
            "count": 1,
            "self": 0.040287999999897295,
            "children": {
                "TrainerController._reset_env": {
                    "total": 6.257302900000001,
                    "count": 1,
                    "self": 6.257302900000001
                },
                "TrainerController.advance": {
                    "total": 41.56992020000012,
                    "count": 1849,
                    "self": 0.014256700000167655,
                    "children": {
                        "env_step": {
                            "total": 41.55566349999995,
                            "count": 1849,
                            "self": 37.93543910000018,
                            "children": {
                                "SubprocessEnvManager._take_step": {
                                    "total": 3.6031914999999612,
                                    "count": 1849,
                                    "self": 0.08176009999980227,
                                    "children": {
                                        "TorchPolicy.evaluate": {
                                            "total": 3.521431400000159,
                                            "count": 1784,
                                            "self": 1.2131198000000776,
                                            "children": {
                                                "TorchPolicy.sample_actions": {
                                                    "total": 2.3083116000000814,
                                                    "count": 1784,
                                                    "self": 2.3083116000000814
                                                }
                                            }
                                        }
                                    }
                                },
                                "workers": {
                                    "total": 0.017032899999807505,
                                    "count": 1848,
                                    "self": 0.0,
                                    "children": {
                                        "worker_root": {
                                            "total": 42.87486039999982,
                                            "count": 1848,
                                            "is_parallel": true,
                                            "self": 7.090255500000019,
                                            "children": {
                                                "steps_from_proto": {
                                                    "total": 0.0007279000000002256,
                                                    "count": 1,
                                                    "is_parallel": true,
                                                    "self": 0.00013210000000007938,
                                                    "children": {
                                                        "_process_rank_one_or_two_observation": {
                                                            "total": 0.0005958000000001462,
                                                            "count": 4,
                                                            "is_parallel": true,
                                                            "self": 0.0005958000000001462
                                                        }
                                                    }
                                                },
                                                "UnityEnvironment.step": {
                                                    "total": 35.7838769999998,
                                                    "count": 1848,
                                                    "is_parallel": true,
                                                    "self": 0.13725279999972173,
                                                    "children": {
                                                        "UnityEnvironment._generate_step_input": {
                                                            "total": 0.6089869999999706,
                                                            "count": 1848,
                                                            "is_parallel": true,
                                                            "self": 0.6089869999999706
                                                        },
                                                        "communicator.exchange": {
                                                            "total": 34.00546260000005,
                                                            "count": 1848,
                                                            "is_parallel": true,
                                                            "self": 34.00546260000005
                                                        },
                                                        "steps_from_proto": {
                                                            "total": 1.0321746000000553,
                                                            "count": 1848,
                                                            "is_parallel": true,
                                                            "self": 0.17250800000005473,
                                                            "children": {
                                                                "_process_rank_one_or_two_observation": {
                                                                    "total": 0.8596666000000006,
                                                                    "count": 7392,
                                                                    "is_parallel": true,
                                                                    "self": 0.8596666000000006
                                                                }
                                                            }
                                                        }
                                                    }
                                                }
                                            }
                                        }
                                    }
                                }
                            }
                        }
                    }
                },
                "trainer_threads": {
                    "total": 2.5199999996061706e-05,
                    "count": 1,
                    "self": 2.5199999996061706e-05,
                    "children": {
                        "thread_root": {
                            "total": 0.0,
                            "count": 0,
                            "is_parallel": true,
                            "self": 0.0,