{
    "name": "root",
    "metadata": {
        "timer_format_version": "0.1.0",
        "start_time_seconds": "1619547986",
        "python_version": "3.8.9 (tags/v3.8.9:a743f81, Apr  2 2021, 11:10:41) [MSC v.1928 64 bit (AMD64)]",
        "command_line_arguments": "C:\\Users\\dosso\\ProjectMain\\venv\\Scripts\\mlagents-learn config/MoveAgent.yaml --run-id=check2",
        "mlagents_version": "0.25.0",
        "mlagents_envs_version": "0.25.0",
        "communication_protocol_version": "1.5.0",
        "pytorch_version": "1.8.1+cu102",
        "numpy_version": "1.20.2",
        "end_time_seconds": "1619548041"
    },
    "total": 54.5017427,
    "count": 1,
    "self": 0.00508750000000191,
    "children": {
        "run_training.setup": {
            "total": 0.13177569999999994,
            "count": 1,
            "self": 0.13177569999999994
        },
        "TrainerController.start_learning": {
            "total": 54.3648795,
            "count": 1,
            "self": 0.14398249999993595,
            "children": {
                "TrainerController._reset_env": {
                    "total": 5.789199900000001,
                    "count": 1,
                    "self": 5.789199900000001
                },
                "TrainerController.advance": {
                    "total": 48.330726100000064,
                    "count": 10128,
                    "self": 0.06824960000022173,
                    "children": {
                        "env_step": {
                            "total": 48.26247649999984,
                            "count": 10128,
                            "self": 36.873200500000124,
                            "children": {
                                "SubprocessEnvManager._take_step": {
                                    "total": 11.313638899999823,
                                    "count": 10128,
                                    "self": 0.37481310000012336,
                                    "children": {
                                        "TorchPolicy.evaluate": {
                                            "total": 10.9388257999997,
                                            "count": 10101,
                                            "self": 5.183713599999613,
                                            "children": {
                                                "TorchPolicy.sample_actions": {
                                                    "total": 5.755112200000087,
                                                    "count": 10101,
                                                    "self": 5.755112200000087
                                                }
                                            }
                                        }
                                    }
                                },
                                "workers": {
                                    "total": 0.07563709999989232,
                                    "count": 10127,
                                    "self": 0.0,
                                    "children": {
                                        "worker_root": {
                                            "total": 49.60550059999995,
                                            "count": 10127,
                                            "is_parallel": true,
                                            "self": 18.883334100000013,
                                            "children": {
                                                "steps_from_proto": {
                                                    "total": 0.0002427999999996544,
                                                    "count": 1,
                                                    "is_parallel": true,
                                                    "self": 0.00010289999999901767,
                                                    "children": {
                                                        "_process_rank_one_or_two_observation": {
                                                            "total": 0.00013990000000063674,
                                                            "count": 2,
                                                            "is_parallel": true,
                                                            "self": 0.00013990000000063674
                                                        }
                                                    }
                                                },
                                                "UnityEnvironment.step": {
                                                    "total": 30.721923699999937,
                                                    "count": 10127,
                                                    "is_parallel": true,
                                                    "self": 0.45115259999979074,
                                                    "children": {
                                                        "UnityEnvironment._generate_step_input": {
                                                            "total": 0.9969597999998685,
                                                            "count": 10127,
                                                            "is_parallel": true,
                                                            "self": 0.9969597999998685
                                                        },
                                                        "communicator.exchange": {
                                                            "total": 27.873993900000016,
                                                            "count": 10127,
                                                            "is_parallel": true,
                                                            "self": 27.873993900000016
                                                        },
                                                        "steps_from_proto": {
                                                            "total": 1.3998174000002628,
                                                            "count": 10127,
                                                            "is_parallel": true,
                                                            "self": 0.7363707000007862,
                                                            "children": {
                                                                "_process_rank_one_or_two_observation": {
                                                                    "total": 0.6634466999994766,
                                                                    "count": 20254,
                                                                    "is_parallel": true,
                                                                    "self": 0.6634466999994766
                                                                }
                                                            }
                                                        }
                                                    }
                                                }
                                            }
                                        }
                                    }
                                }
                            }
                        }
                    }
                },
                "trainer_threads": {
                    "total": 1.3400000000274304e-05,
                    "count": 1,
                    "self": 1.3400000000274304e-05,
                    "children": {
                        "thread_root": {
                            "total": 0.0,
                            "count": 0,
                            "is_parallel": true,
                            "self": 0.0,