{
    "name": "root",
    "metadata": {
        "timer_format_version": "0.1.0",
        "start_time_seconds": "1619789153",
        "python_version": "3.8.9 (tags/v3.8.9:a743f81, Apr  2 2021, 11:10:41) [MSC v.1928 64 bit (AMD64)]",
        "command_line_arguments": "C:\\Users\\dosso\\ProjectMain\\venv\\Scripts\\mlagents-learn config/MoveAgent.yaml --initialize-from=jump22 --run-id=jump25",
        "mlagents_version": "0.25.0",
        "mlagents_envs_version": "0.25.0",
        "communication_protocol_version": "1.5.0",
        "pytorch_version": "1.8.1+cu102",
        "numpy_version": "1.20.2",
        "end_time_seconds": "1619789188"
    },
    "total": 35.5700761,
    "count": 1,
    "self": 0.005238599999998428,
    "children": {
        "run_training.setup": {
            "total": 0.13379459999999999,
            "count": 1,
            "self": 0.13379459999999999
        },
        "TrainerController.start_learning": {
            "total": 35.4310429,
            "count": 1,
            "self": 0.07683829999993463,
            "children": {
                "TrainerController._reset_env": {
                    "total": 5.4652956,
                    "count": 1,
                    "self": 5.4652956
                },
                "TrainerController.advance": {
                    "total": 29.779208900000068,
                    "count": 4753,
                    "self": 0.03132400000012936,
                    "children": {
                        "env_step": {
                            "total": 29.74788489999994,
                            "count": 4753,
                            "self": 24.34665320000035,
                            "children": {
                                "SubprocessEnvManager._take_step": {
                                    "total": 5.365407799999738,
                                    "count": 4753,
                                    "self": 0.1709894999995214,
                                    "children": {
                                        "TorchPolicy.evaluate": {
                                            "total": 5.194418300000216,
                                            "count": 4734,
                                            "self": 2.4028993000002217,
                                            "children": {
                                                "TorchPolicy.sample_actions": {
                                                    "total": 2.7915189999999948,
                                                    "count": 4734,
                                                    "self": 2.7915189999999948
                                                }
                                            }
                                        }
                                    }
                                },
                                "workers": {
                                    "total": 0.03582389999984947,
                                    "count": 4752,
                                    "self": 0.0,
                                    "children": {
                                        "worker_root": {
                                            "total": 31.0610009,
                                            "count": 4752,
                                            "is_parallel": true,
                                            "self": 9.608568600000034,
                                            "children": {
                                                "steps_from_proto": {
                                                    "total": 0.00034020000000012374,
                                                    "count": 1,
                                                    "is_parallel": true,
                                                    "self": 0.00010319999999985896,
                                                    "children": {
                                                        "_process_rank_one_or_two_observation": {
                                                            "total": 0.00023700000000026478,
                                                            "count": 4,
                                                            "is_parallel": true,
                                                            "self": 0.00023700000000026478
                                                        }
                                                    }
                                                },
                                                "UnityEnvironment.step": {
                                                    "total": 21.452092099999966,
                                                    "count": 4752,
                                                    "is_parallel": true,
                                                    "self": 0.2346149999998559,
                                                    "children": {
                                                        "UnityEnvironment._generate_step_input": {
                                                            "total": 0.4432453000000578,
                                                            "count": 4752,
                                                            "is_parallel": true,
                                                            "self": 0.4432453000000578
                                                        },
                                                        "communicator.exchange": {
                                                            "total": 19.81946059999999,
                                                            "count": 4752,
                                                            "is_parallel": true,
                                                            "self": 19.81946059999999
                                                        },
                                                        "steps_from_proto": {
                                                            "total": 0.9547712000000645,
                                                            "count": 4752,
                                                            "is_parallel": true,
                                                            "self": 0.35692760000011425,
                                                            "children": {
                                                                "_process_rank_one_or_two_observation": {
                                                                    "total": 0.5978435999999503,
                                                                    "count": 19008,
                                                                    "is_parallel": true,
                                                                    "self": 0.5978435999999503
                                                                }
                                                            }
                                                        }
                                                    }
                                                }
                                            }
                                        }
                                    }
                                }
                            }
                        }
                    }
                },
                "trainer_threads": {
                    "total": 1.8599999997093164e-05,
                    "count": 1,
                    "self": 1.8599999997093164e-05,
                    "children": {
                        "thread_root": {
                            "total": 0.0,
                            "count": 0,
                            "is_parallel": true,
                            "self": 0.0,
                            "children": {
                                "trainer_advance": {
                                    "total": 29.834391800000112,