{
    "name": "root",
    "metadata": {
        "timer_format_version": "0.1.0",
        "start_time_seconds": "1619728087",
        "python_version": "3.8.9 (tags/v3.8.9:a743f81, Apr  2 2021, 11:10:41) [MSC v.1928 64 bit (AMD64)]",
        "command_line_arguments": "C:\\Users\\dosso\\ProjectMain\\venv\\Scripts\\mlagents-learn config/MoveAgent.yaml --run-id=jump7",
        "mlagents_version": "0.25.0",
        "mlagents_envs_version": "0.25.0",
        "communication_protocol_version": "1.5.0",
        "pytorch_version": "1.8.1+cu102",
        "numpy_version": "1.20.2",
        "end_time_seconds": "1619728123"
    },
    "total": 35.6882559,
    "count": 1,
    "self": 0.005420799999996007,
    "children": {
        "run_training.setup": {
            "total": 0.1334111,
            "count": 1,
            "self": 0.1334111
        },
        "TrainerController.start_learning": {
            "total": 35.549424,
            "count": 1,
            "self": 0.02079050000006788,
            "children": {
                "TrainerController._reset_env": {
                    "total": 6.7169661000000005,
                    "count": 1,
                    "self": 6.7169661000000005
                },
                "TrainerController.advance": {
                    "total": 28.70044009999993,
                    "count": 1011,
                    "self": 0.008910900000021371,
                    "children": {
                        "env_step": {
                            "total": 28.69152919999991,
                            "count": 1011,
                            "self": 27.417879399999833,
                            "children": {
                                "SubprocessEnvManager._take_step": {
                                    "total": 1.263559500000074,
                                    "count": 1011,
                                    "self": 0.03804750000005974,
                                    "children": {
                                        "TorchPolicy.evaluate": {
                                            "total": 1.2255120000000144,
                                            "count": 745,
                                            "self": 0.5297923999999936,
                                            "children": {
                                                "TorchPolicy.sample_actions": {
                                                    "total": 0.6957196000000208,
                                                    "count": 745,
                                                    "self": 0.6957196000000208
                                                }
                                            }
                                        }
                                    }
                                },
                                "workers": {
                                    "total": 0.01009030000000255,
                                    "count": 1010,
                                    "self": 0.0,
                                    "children": {
                                        "worker_root": {
                                            "total": 30.068915900000007,
                                            "count": 1010,
                                            "is_parallel": true,
                                            "self": 3.683580500000069,
                                            "children": {
                                                "steps_from_proto": {
                                                    "total": 0.0010166999999992044,
                                                    "count": 1,
                                                    "is_parallel": true,
                                                    "self": 0.00013189999999863034,
                                                    "children": {
                                                        "_process_rank_one_or_two_observation": {
                                                            "total": 0.000884800000000574,
                                                            "count": 6,
                                                            "is_parallel": true,
                                                            "self": 0.000884800000000574
                                                        }
                                                    }
                                                },
                                                "UnityEnvironment.step": {
                                                    "total": 26.38431869999994,
                                                    "count": 1010,
                                                    "is_parallel": true,
                                                    "self": 0.09042929999996119,
                                                    "children": {
                                                        "UnityEnvironment._generate_step_input": {
                                                            "total": 0.27123919999992463,
                                                            "count": 1010,
                                                            "is_parallel": true,
                                                            "self": 0.27123919999992463
                                                        },
                                                        "communicator.exchange": {
                                                            "total": 25.24478800000002,
                                                            "count": 1010,
                                                            "is_parallel": true,
                                                            "self": 25.24478800000002
                                                        },
                                                        "steps_from_proto": {
                                                            "total": 0.7778622000000341,
                                                            "count": 1010,
                                                            "is_parallel": true,
                                                            "self": 0.1116887999999907,
                                                            "children": {
                                                                "_process_rank_one_or_two_observation": {
                                                                    "total": 0.6661734000000434,
                                                                    "count": 6060,
                                                                    "is_parallel": true,
                                                                    "self": 0.6661734000000434
                                                                }
                                                            }
                                                        }
                                                    }
                                                }
                                            }
                                        }
                                    }
                                }
                            }
                        }
                    }
                },
                "trainer_threads": {
                    "total": 1.639999999980546e-05,
                    "count": 1,
                    "self": 1.639999999980546e-05,
                    "children": {
                        "thread_root": {
                            "total": 0.0,
                            "count": 0,
                            "is_parallel": true,
                            "self": 0.0,
                            "children": {
                                "trainer_advance": {
                                    "total": 28.692497899999896,