{
    "name": "root",
    "metadata": {
        "timer_format_version": "0.1.0",
        "start_time_seconds": "1618439442",
        "python_version": "3.8.6 (tags/v3.8.6:db45529, Sep 23 2020, 15:52:53) [MSC v.1927 64 bit (AMD64)]",
        "command_line_arguments": "C:\\Users\\dosso\\ProjectMain\\venv\\Scripts\\mlagents-learn --run-id=testwork15",
        "mlagents_version": "0.25.0",
        "mlagents_envs_version": "0.25.0",
        "communication_protocol_version": "1.5.0",
        "pytorch_version": "1.8.1+cu102",
        "numpy_version": "1.20.2",
        "end_time_seconds": "1618439503"
    },
    "total": 60.3809222,
    "count": 1,
    "self": 0.0032737000000011562,
    "children": {
        "run_training.setup": {
            "total": 0.03412769999999998,
            "count": 1,
            "self": 0.03412769999999998
        },
        "TrainerController.start_learning": {
            "total": 60.3435208,
            "count": 1,
            "self": 0.16359929999975975,
            "children": {
                "TrainerController._reset_env": {
                    "total": 6.748092,
                    "count": 1,
                    "self": 6.748092
                },
                "TrainerController.advance": {
                    "total": 53.322574400000235,
                    "count": 8607,
                    "self": 0.06928420000026847,
                    "children": {
                        "env_step": {
                            "total": 53.25329019999997,
                            "count": 8607,
                            "self": 42.08411980000062,
                            "children": {
                                "SubprocessEnvManager._take_step": {
                                    "total": 11.093715999999642,
                                    "count": 8607,
                                    "self": 0.3469723999995118,
                                    "children": {
                                        "TorchPolicy.evaluate": {
                                            "total": 10.74674360000013,
                                            "count": 8054,
                                            "self": 5.1993100000002705,
                                            "children": {
                                                "TorchPolicy.sample_actions": {
                                                    "total": 5.547433599999859,
                                                    "count": 8054,
                                                    "self": 5.547433599999859
                                                }
                                            }
                                        }
                                    }
                                },
                                "workers": {
                                    "total": 0.0754543999997015,
                                    "count": 8606,
                                    "self": 0.0,
                                    "children": {
                                        "worker_root": {
                                            "total": 54.657405399999966,
                                            "count": 8606,
                                            "is_parallel": true,
                                            "self": 18.4877903,
                                            "children": {
                                                "steps_from_proto": {
                                                    "total": 0.0002639999999995979,
                                                    "count": 1,
                                                    "is_parallel": true,
                                                    "self": 0.00010529999999953077,
                                                    "children": {
                                                        "_process_rank_one_or_two_observation": {
                                                            "total": 0.00015870000000006712,
                                                            "count": 2,
                                                            "is_parallel": true,
                                                            "self": 0.00015870000000006712
                                                        }
                                                    }
                                                },
                                                "UnityEnvironment.step": {
                                                    "total": 36.169351099999965,
                                                    "count": 8606,
                                                    "is_parallel": true,
                                                    "self": 0.4194469000001888,
                                                    "children": {
                                                        "UnityEnvironment._generate_step_input": {
                                                            "total": 0.8829780000003016,
                                                            "count": 8606,
                                                            "is_parallel": true,
                                                            "self": 0.8829780000003016
                                                        },
                                                        "communicator.exchange": {
                                                            "total": 33.51049189999972,
                                                            "count": 8606,
                                                            "is_parallel": true,
                                                            "self": 33.51049189999972
                                                        },
                                                        "steps_from_proto": {
                                                            "total": 1.3564342999997576,
                                                            "count": 8606,
                                                            "is_parallel": true,
                                                            "self": 0.6846394999996894,
                                                            "children": {
                                                                "_process_rank_one_or_two_observation": {
                                                                    "total": 0.6717948000000682,
                                                                    "count": 17212,
                                                                    "is_parallel": true,
                                                                    "self": 0.6717948000000682
                                                                }
                                                            }
                                                        }
                                                    }
                                                }
                                            }
                                        }
                                    }
                                }
                            }
                        }
                    }
                },
                "trainer_threads": {
                    "total": 2.0000000006348273e-05,
                    "count": 1,
                    "self": 2.0000000006348273e-05,
                    "children": {
                        "thread_root": {
                            "total": 0.0,
                            "count": 0,
                            "is_parallel": true,
                            "self": 0.0,
                            "children": {
                                "trainer_advance": {
                                    "total": 53.42450900000014,
                                    "count": 4093,