{
    "name": "root",
    "metadata": {
        "timer_format_version": "0.1.0",
        "start_time_seconds": "1619733881",
        "python_version": "3.8.9 (tags/v3.8.9:a743f81, Apr  2 2021, 11:10:41) [MSC v.1928 64 bit (AMD64)]",
        "command_line_arguments": "C:\\Users\\dosso\\ProjectMain\\venv\\Scripts\\mlagents-learn config/MoveAgent.yaml --initialize-from=jump10 --run-id=jump11",
        "mlagents_version": "0.25.0",
        "mlagents_envs_version": "0.25.0",
        "communication_protocol_version": "1.5.0",
        "pytorch_version": "1.8.1+cu102",
        "numpy_version": "1.20.2",
        "end_time_seconds": "1619733961"
    },
    "total": 80.0561139,
    "count": 1,
    "self": 0.006443800000013766,
    "children": {
        "run_training.setup": {
            "total": 0.13175459999999994,
            "count": 1,
            "self": 0.13175459999999994
        },
        "TrainerController.start_learning": {
            "total": 79.91791549999999,
            "count": 1,
            "self": 0.05368459999996844,
            "children": {
                "TrainerController._reset_env": {
                    "total": 8.0964016,
                    "count": 1,
                    "self": 8.0964016
                },
                "TrainerController.advance": {
                    "total": 71.64174170000003,
                    "count": 1856,
                    "self": 0.016878999999860866,
                    "children": {
                        "env_step": {
                            "total": 71.62486270000016,
                            "count": 1856,
                            "self": 67.07894260000029,
                            "children": {
                                "SubprocessEnvManager._take_step": {
                                    "total": 4.526143600000159,
                                    "count": 1856,
                                    "self": 0.09582010000015728,
                                    "children": {
                                        "TorchPolicy.evaluate": {
                                            "total": 4.430323500000002,
                                            "count": 1856,
                                            "self": 1.599090799999951,
                                            "children": {
                                                "TorchPolicy.sample_actions": {
                                                    "total": 2.831232700000051,
                                                    "count": 1856,
                                                    "self": 2.831232700000051
                                                }
                                            }
                                        }
                                    }
                                },
                                "workers": {
                                    "total": 0.01977649999972364,
                                    "count": 1855,
                                    "self": 0.0,
                                    "children": {
                                        "worker_root": {
                                            "total": 72.94875640000016,
                                            "count": 1855,
                                            "is_parallel": true,
                                            "self": 8.371908999999917,
                                            "children": {
                                                "steps_from_proto": {
                                                    "total": 0.0009448000000000789,
                                                    "count": 1,
                                                    "is_parallel": true,
                                                    "self": 0.0001335000000004527,
                                                    "children": {
                                                        "_process_rank_one_or_two_observation": {
                                                            "total": 0.0008112999999996262,
                                                            "count": 6,
                                                            "is_parallel": true,
                                                            "self": 0.0008112999999996262
                                                        }
                                                    }
                                                },
                                                "UnityEnvironment.step": {
                                                    "total": 64.57590260000025,
                                                    "count": 1855,
                                                    "is_parallel": true,
                                                    "self": 0.17599239999999838,
                                                    "children": {
                                                        "UnityEnvironment._generate_step_input": {
                                                            "total": 0.6637354000001459,
                                                            "count": 1855,
                                                            "is_parallel": true,
                                                            "self": 0.6637354000001459
                                                        },
                                                        "communicator.exchange": {
                                                            "total": 62.10876700000008,
                                                            "count": 1855,
                                                            "is_parallel": true,
                                                            "self": 62.10876700000008
                                                        },
                                                        "steps_from_proto": {
                                                            "total": 1.6274078000000305,
                                                            "count": 1855,
                                                            "is_parallel": true,
                                                            "self": 0.20090180000071456,
                                                            "children": {
                                                                "_process_rank_one_or_two_observation": {
                                                                    "total": 1.426505999999316,
                                                                    "count": 11130,
                                                                    "is_parallel": true,
                                                                    "self": 1.426505999999316
                                                                }
                                                            }
                                                        }
                                                    }
                                                }
                                            }
                                        }
                                    }
                                }
                            }
                        }
                    }
                },
                "trainer_threads": {
                    "total": 3.309999999601132e-05,
                    "count": 1,
                    "self": 3.309999999601132e-05,
                    "children": {
                        "thread_root": {
                            "total": 0.0,
                            "count": 0,
                            "is_parallel": true,
                            "self": 0.0,
                            "children": {
                                "trainer_advance": {
                                    "total": 71.62519329999981,