{
    "name": "root",
    "metadata": {
        "timer_format_version": "0.1.0",
        "start_time_seconds": "1619789378",
        "python_version": "3.8.9 (tags/v3.8.9:a743f81, Apr  2 2021, 11:10:41) [MSC v.1928 64 bit (AMD64)]",
        "command_line_arguments": "C:\\Users\\dosso\\ProjectMain\\venv\\Scripts\\mlagents-learn config/MoveAgent.yaml --initialize-from=jump22 --run-id=jump26",
        "mlagents_version": "0.25.0",
        "mlagents_envs_version": "0.25.0",
        "communication_protocol_version": "1.5.0",
        "pytorch_version": "1.8.1+cu102",
        "numpy_version": "1.20.2",
        "end_time_seconds": "1619789407"
    },
    "total": 29.6181507,
    "count": 1,
    "self": 0.0064437000000019395,
    "children": {
        "run_training.setup": {
            "total": 0.13312459999999993,
            "count": 1,
            "self": 0.13312459999999993
        },
        "TrainerController.start_learning": {
            "total": 29.4785824,
            "count": 1,
            "self": 0.06337630000011885,
            "children": {
                "TrainerController._reset_env": {
                    "total": 6.5509381,
                    "count": 1,
                    "self": 6.5509381
                },
                "TrainerController.advance": {
                    "total": 22.75379739999988,
                    "count": 3577,
                    "self": 0.023881099999858435,
                    "children": {
                        "env_step": {
                            "total": 22.72991630000002,
                            "count": 3577,
                            "self": 18.61316800000011,
                            "children": {
                                "SubprocessEnvManager._take_step": {
                                    "total": 4.0899626999999095,
                                    "count": 3577,
                                    "self": 0.13198419999975464,
                                    "children": {
                                        "TorchPolicy.evaluate": {
                                            "total": 3.957978500000155,
                                            "count": 3562,
                                            "self": 1.8144341000001685,
                                            "children": {
                                                "TorchPolicy.sample_actions": {
                                                    "total": 2.1435443999999864,
                                                    "count": 3562,
                                                    "self": 2.1435443999999864
                                                }
                                            }
                                        }
                                    }
                                },
                                "workers": {
                                    "total": 0.026785600000004628,
                                    "count": 3576,
                                    "self": 0.0,
                                    "children": {
                                        "worker_root": {
                                            "total": 24.040085099999946,
                                            "count": 3576,
                                            "is_parallel": true,
                                            "self": 7.622305599999883,
                                            "children": {
                                                "steps_from_proto": {
                                                    "total": 0.0003258999999999901,
                                                    "count": 1,
                                                    "is_parallel": true,
                                                    "self": 0.00011550000000060123,
                                                    "children": {
                                                        "_process_rank_one_or_two_observation": {
                                                            "total": 0.00021039999999938885,
                                                            "count": 4,
                                                            "is_parallel": true,
                                                            "self": 0.00021039999999938885
                                                        }
                                                    }
                                                },
                                                "UnityEnvironment.step": {
                                                    "total": 16.417453600000062,
                                                    "count": 3576,
                                                    "is_parallel": true,
                                                    "self": 0.17801480000016667,
                                                    "children": {
                                                        "UnityEnvironment._generate_step_input": {
                                                            "total": 0.35879509999987924,
                                                            "count": 3576,
                                                            "is_parallel": true,
                                                            "self": 0.35879509999987924
                                                        },
                                                        "communicator.exchange": {
                                                            "total": 15.145136900000068,
                                                            "count": 3576,
                                                            "is_parallel": true,
                                                            "self": 15.145136900000068
                                                        },
                                                        "steps_from_proto": {
                                                            "total": 0.7355067999999463,
                                                            "count": 3576,
                                                            "is_parallel": true,
                                                            "self": 0.27437640000014696,
                                                            "children": {
                                                                "_process_rank_one_or_two_observation": {
                                                                    "total": 0.4611303999997993,
                                                                    "count": 14304,
                                                                    "is_parallel": true,
                                                                    "self": 0.4611303999997993
                                                                }
                                                            }
                                                        }
                                                    }
                                                }
                                            }
                                        }
                                    }
                                }
                            }
                        }
                    }
                },
                "trainer_threads": {
                    "total": 2.8500000002651404e-05,
                    "count": 1,
                    "self": 2.8500000002651404e-05,
                    "children": {
                        "thread_root": {
                            "total": 0.0,
                            "count": 0,
                            "is_parallel": true,
                            "self": 0.0,