{
    "name": "root",
    "metadata": {
        "timer_format_version": "0.1.0",
        "start_time_seconds": "1619809608",
        "python_version": "3.8.9 (tags/v3.8.9:a743f81, Apr  2 2021, 11:10:41) [MSC v.1928 64 bit (AMD64)]",
        "command_line_arguments": "C:\\Users\\dosso\\ProjectMain\\venv\\Scripts\\mlagents-learn config/MoveAgent.yaml --run-id=rtd",
        "mlagents_version": "0.25.0",
        "mlagents_envs_version": "0.25.0",
        "communication_protocol_version": "1.5.0",
        "pytorch_version": "1.8.1+cu102",
        "numpy_version": "1.20.2",
        "end_time_seconds": "1619809694"
    },
    "total": 86.1715813,
    "count": 1,
    "self": 0.0055571999999983746,
    "children": {
        "run_training.setup": {
            "total": 0.13397060000000005,
            "count": 1,
            "self": 0.13397060000000005
        },
        "TrainerController.start_learning": {
            "total": 86.0320535,
            "count": 1,
            "self": 0.06262310000013827,
            "children": {
                "TrainerController._reset_env": {
                    "total": 5.5284239,
                    "count": 1,
                    "self": 5.5284239
                },
                "TrainerController.advance": {
                    "total": 80.31931379999988,
                    "count": 2978,
                    "self": 0.026511999999769387,
                    "children": {
                        "env_step": {
                            "total": 80.2928018000001,
                            "count": 2978,
                            "self": 74.20105869999986,
                            "children": {
                                "SubprocessEnvManager._take_step": {
                                    "total": 6.061753200000287,
                                    "count": 2978,
                                    "self": 0.1262886000002723,
                                    "children": {
                                        "TorchPolicy.evaluate": {
                                            "total": 5.935464600000015,
                                            "count": 2612,
                                            "self": 1.910243800000214,
                                            "children": {
                                                "TorchPolicy.sample_actions": {
                                                    "total": 4.025220799999801,
                                                    "count": 2612,
                                                    "self": 4.025220799999801
                                                }
                                            }
                                        }
                                    }
                                },
                                "workers": {
                                    "total": 0.029989899999958602,
                                    "count": 2977,
                                    "self": 0.0,
                                    "children": {
                                        "worker_root": {
                                            "total": 81.58680740000052,
                                            "count": 2977,
                                            "is_parallel": true,
                                            "self": 10.855342900000721,
                                            "children": {
                                                "steps_from_proto": {
                                                    "total": 0.0009446000000004062,
                                                    "count": 1,
                                                    "is_parallel": true,
                                                    "self": 0.00013410000000035893,
                                                    "children": {
                                                        "_process_rank_one_or_two_observation": {
                                                            "total": 0.0008105000000000473,
                                                            "count": 4,
                                                            "is_parallel": true,
                                                            "self": 0.0008105000000000473
                                                        }
                                                    }
                                                },
                                                "UnityEnvironment.step": {
                                                    "total": 70.7305198999998,
                                                    "count": 2977,
                                                    "is_parallel": true,
                                                    "self": 0.24518630000008557,
                                                    "children": {
                                                        "UnityEnvironment._generate_step_input": {
                                                            "total": 0.9172895999998527,
                                                            "count": 2977,
                                                            "is_parallel": true,
                                                            "self": 0.9172895999998527
                                                        },
                                                        "communicator.exchange": {
                                                            "total": 67.54089229999994,
                                                            "count": 2977,
                                                            "is_parallel": true,
                                                            "self": 67.54089229999994
                                                        },
                                                        "steps_from_proto": {
                                                            "total": 2.027151699999936,
                                                            "count": 2977,
                                                            "is_parallel": true,
                                                            "self": 0.28514530000002836,
                                                            "children": {
                                                                "_process_rank_one_or_two_observation": {
                                                                    "total": 1.7420063999999078,
                                                                    "count": 11908,
                                                                    "is_parallel": true,
                                                                    "self": 1.7420063999999078
                                                                }
                                                            }
                                                        }
                                                    }
                                                }
                                            }
                                        }
                                    }
                                }
                            }
                        }
                    }
                },
                "trainer_threads": {
                    "total": 2.0599999999149077e-05,
                    "count": 1,
                    "self": 2.0599999999149077e-05,
                    "children": {
                        "thread_root": {
                            "total": 0.0,
                            "count": 0,
                            "is_parallel": true,
                            "self": 0.0,
                            "children": {
                                "trainer_advance": {
                                    "total": 80.32382340000039,