{
    "name": "root",
    "metadata": {
        "timer_format_version": "0.1.0",
        "start_time_seconds": "1619789059",
        "python_version": "3.8.9 (tags/v3.8.9:a743f81, Apr  2 2021, 11:10:41) [MSC v.1928 64 bit (AMD64)]",
        "command_line_arguments": "C:\\Users\\dosso\\ProjectMain\\venv\\Scripts\\mlagents-learn config/MoveAgent.yaml --initialize-from=jump22 --run-id=jump24",
        "mlagents_version": "0.25.0",
        "mlagents_envs_version": "0.25.0",
        "communication_protocol_version": "1.5.0",
        "pytorch_version": "1.8.1+cu102",
        "numpy_version": "1.20.2",
        "end_time_seconds": "1619789095"
    },
    "total": 36.224182,
    "count": 1,
    "self": 0.005082999999991955,
    "children": {
        "run_training.setup": {
            "total": 0.13616359999999994,
            "count": 1,
            "self": 0.13616359999999994
        },
        "TrainerController.start_learning": {
            "total": 36.082935400000004,
            "count": 1,
            "self": 0.03055900000012457,
            "children": {
                "TrainerController._reset_env": {
                    "total": 5.7260588,
                    "count": 1,
                    "self": 5.7260588
                },
                "TrainerController.advance": {
                    "total": 30.219087099999882,
                    "count": 1302,
                    "self": 0.012106799999791917,
                    "children": {
                        "env_step": {
                            "total": 30.20698030000009,
                            "count": 1302,
                            "self": 27.207773700000228,
                            "children": {
                                "SubprocessEnvManager._take_step": {
                                    "total": 2.986762199999939,
                                    "count": 1302,
                                    "self": 0.06030299999988742,
                                    "children": {
                                        "TorchPolicy.evaluate": {
                                            "total": 2.9264592000000516,
                                            "count": 1251,
                                            "self": 0.9309213000000627,
                                            "children": {
                                                "TorchPolicy.sample_actions": {
                                                    "total": 1.9955378999999889,
                                                    "count": 1251,
                                                    "self": 1.9955378999999889
                                                }
                                            }
                                        }
                                    }
                                },
                                "workers": {
                                    "total": 0.012444399999924194,
                                    "count": 1301,
                                    "self": 0.0,
                                    "children": {
                                        "worker_root": {
                                            "total": 31.540044000000023,
                                            "count": 1301,
                                            "is_parallel": true,
                                            "self": 5.966120000000004,
                                            "children": {
                                                "steps_from_proto": {
                                                    "total": 0.0006678000000004403,
                                                    "count": 1,
                                                    "is_parallel": true,
                                                    "self": 0.00011419999999962016,
                                                    "children": {
                                                        "_process_rank_one_or_two_observation": {
                                                            "total": 0.0005536000000008201,
                                                            "count": 4,
                                                            "is_parallel": true,
                                                            "self": 0.0005536000000008201
                                                        }
                                                    }
                                                },
                                                "UnityEnvironment.step": {
                                                    "total": 25.57325620000002,
                                                    "count": 1301,
                                                    "is_parallel": true,
                                                    "self": 0.10150209999999049,
                                                    "children": {
                                                        "UnityEnvironment._generate_step_input": {
                                                            "total": 0.43458350000004486,
                                                            "count": 1301,
                                                            "is_parallel": true,
                                                            "self": 0.43458350000004486
                                                        },
                                                        "communicator.exchange": {
                                                            "total": 24.293172899999956,
                                                            "count": 1301,
                                                            "is_parallel": true,
                                                            "self": 24.293172899999956
                                                        },
                                                        "steps_from_proto": {
                                                            "total": 0.7439977000000297,
                                                            "count": 1301,
                                                            "is_parallel": true,
                                                            "self": 0.12529880000027838,
                                                            "children": {
                                                                "_process_rank_one_or_two_observation": {
                                                                    "total": 0.6186988999997514,
                                                                    "count": 5204,
                                                                    "is_parallel": true,
                                                                    "self": 0.6186988999997514
                                                                }
                                                            }
                                                        }
                                                    }
                                                }
                                            }
                                        }
                                    }
                                }
                            }
                        }
                    }
                },
                "trainer_threads": {
                    "total": 2.3999999996249244e-05,
                    "count": 1,
                    "self": 2.3999999996249244e-05,
                    "children": {
                        "thread_root": {
                            "total": 0.0,
                            "count": 0,
                            "is_parallel": true,
                            "self": 0.0,