{
    "name": "root",
    "metadata": {
        "timer_format_version": "0.1.0",
        "start_time_seconds": "1619549710",
        "python_version": "3.8.9 (tags/v3.8.9:a743f81, Apr  2 2021, 11:10:41) [MSC v.1928 64 bit (AMD64)]",
        "command_line_arguments": "C:\\Users\\dosso\\ProjectMain\\venv\\Scripts\\mlagents-learn config/MoveAgent.yaml --initialize-from=check2 --run-id=check7",
        "mlagents_version": "0.25.0",
        "mlagents_envs_version": "0.25.0",
        "communication_protocol_version": "1.5.0",
        "pytorch_version": "1.8.1+cu102",
        "numpy_version": "1.20.2",
        "end_time_seconds": "1619549906"
    },
    "total": 196.20081000000002,
    "count": 1,
    "self": 0.00501370000003476,
    "children": {
        "run_training.setup": {
            "total": 0.1324753999999999,
            "count": 1,
            "self": 0.1324753999999999
        },
        "TrainerController.start_learning": {
            "total": 196.06332089999998,
            "count": 1,
            "self": 0.5875759999971422,
            "children": {
                "TrainerController._reset_env": {
                    "total": 5.448888,
                    "count": 1,
                    "self": 5.448888
                },
                "TrainerController.advance": {
                    "total": 189.92692060000283,
                    "count": 40155,
                    "self": 0.2621219999984703,
                    "children": {
                        "env_step": {
                            "total": 189.66479860000436,
                            "count": 40155,
                            "self": 141.61803919999863,
                            "children": {
                                "SubprocessEnvManager._take_step": {
                                    "total": 47.73909290000498,
                                    "count": 40155,
                                    "self": 1.4662816000051677,
                                    "children": {
                                        "TorchPolicy.evaluate": {
                                            "total": 46.27281129999981,
                                            "count": 39673,
                                            "self": 21.25309079999927,
                                            "children": {
                                                "TorchPolicy.sample_actions": {
                                                    "total": 25.01972050000054,
                                                    "count": 39673,
                                                    "self": 25.01972050000054
                                                }
                                            }
                                        }
                                    }
                                },
                                "workers": {
                                    "total": 0.30766650000074325,
                                    "count": 40154,
                                    "self": 0.0,
                                    "children": {
                                        "worker_root": {
                                            "total": 191.0057313000003,
                                            "count": 40154,
                                            "is_parallel": true,
                                            "self": 74.06837200000167,
                                            "children": {
                                                "steps_from_proto": {
                                                    "total": 0.0002608999999997863,
                                                    "count": 1,
                                                    "is_parallel": true,
                                                    "self": 0.0001100999999996688,
                                                    "children": {
                                                        "_process_rank_one_or_two_observation": {
                                                            "total": 0.0001508000000001175,
                                                            "count": 2,
                                                            "is_parallel": true,
                                                            "self": 0.0001508000000001175
                                                        }
                                                    }
                                                },
                                                "UnityEnvironment.step": {
                                                    "total": 116.93709839999862,
                                                    "count": 40154,
                                                    "is_parallel": true,
                                                    "self": 1.6338892000023861,
                                                    "children": {
                                                        "UnityEnvironment._generate_step_input": {
                                                            "total": 3.632125699999431,
                                                            "count": 40154,
                                                            "is_parallel": true,
                                                            "self": 3.632125699999431
                                                        },
                                                        "communicator.exchange": {
                                                            "total": 106.40232119999901,
                                                            "count": 40154,
                                                            "is_parallel": true,
                                                            "self": 106.40232119999901
                                                        },
                                                        "steps_from_proto": {
                                                            "total": 5.268762299997786,
                                                            "count": 40154,
                                                            "is_parallel": true,
                                                            "self": 2.8304105999957736,
                                                            "children": {
                                                                "_process_rank_one_or_two_observation": {
                                                                    "total": 2.4383517000020127,
                                                                    "count": 80308,
                                                                    "is_parallel": true,
                                                                    "self": 2.4383517000020127
                                                                }
                                                            }
                                                        }
                                                    }
                                                }
                                            }
                                        }
                                    }
                                }
                            }
                        }
                    }
                },
                "trainer_threads": {
                    "total": 2.5399999998398926e-05,
                    "count": 1,
                    "self": 2.5399999998398926e-05,
                    "children": {
                        "thread_root": {
                            "total": 0.0,
                            "count": 0,
                            "is_parallel": true,
                            "self": 0.0,