{
    "name": "root",
    "metadata": {
        "timer_format_version": "0.1.0",
        "start_time_seconds": "1619725020",
        "python_version": "3.8.9 (tags/v3.8.9:a743f81, Apr  2 2021, 11:10:41) [MSC v.1928 64 bit (AMD64)]",
        "command_line_arguments": "C:\\Users\\dosso\\ProjectMain\\venv\\Scripts\\mlagents-learn config/MoveAgent.yaml --run-id=jump3",
        "mlagents_version": "0.25.0",
        "mlagents_envs_version": "0.25.0",
        "communication_protocol_version": "1.5.0",
        "pytorch_version": "1.8.1+cu102",
        "numpy_version": "1.20.2",
        "end_time_seconds": "1619725137"
    },
    "total": 116.96382440000001,
    "count": 1,
    "self": 0.006405400000005557,
    "children": {
        "run_training.setup": {
            "total": 0.13628570000000007,
            "count": 1,
            "self": 0.13628570000000007
        },
        "TrainerController.start_learning": {
            "total": 116.8211333,
            "count": 1,
            "self": 0.24630780000011043,
            "children": {
                "TrainerController._reset_env": {
                    "total": 6.4819226,
                    "count": 1,
                    "self": 6.4819226
                },
                "TrainerController.advance": {
                    "total": 109.97204899999988,
                    "count": 13765,
                    "self": 0.1046054999998347,
                    "children": {
                        "env_step": {
                            "total": 109.86744350000005,
                            "count": 13765,
                            "self": 91.06409920000006,
                            "children": {
                                "SubprocessEnvManager._take_step": {
                                    "total": 18.689646400000107,
                                    "count": 13765,
                                    "self": 0.5414206000001016,
                                    "children": {
                                        "TorchPolicy.evaluate": {
                                            "total": 18.148225800000006,
                                            "count": 13178,
                                            "self": 8.369493199999813,
                                            "children": {
                                                "TorchPolicy.sample_actions": {
                                                    "total": 9.778732600000193,
                                                    "count": 13178,
                                                    "self": 9.778732600000193
                                                }
                                            }
                                        }
                                    }
                                },
                                "workers": {
                                    "total": 0.11369789999988633,
                                    "count": 13764,
                                    "self": 0.0,
                                    "children": {
                                        "worker_root": {
                                            "total": 111.24459630000086,
                                            "count": 13764,
                                            "is_parallel": true,
                                            "self": 30.049539500000648,
                                            "children": {
                                                "steps_from_proto": {
                                                    "total": 0.00035119999999988494,
                                                    "count": 1,
                                                    "is_parallel": true,
                                                    "self": 0.000109600000000043,
                                                    "children": {
                                                        "_process_rank_one_or_two_observation": {
                                                            "total": 0.00024159999999984194,
                                                            "count": 6,
                                                            "is_parallel": true,
                                                            "self": 0.00024159999999984194
                                                        }
                                                    }
                                                },
                                                "UnityEnvironment.step": {
                                                    "total": 81.19470560000022,
                                                    "count": 13764,
                                                    "is_parallel": true,
                                                    "self": 0.7003226999990204,
                                                    "children": {
                                                        "UnityEnvironment._generate_step_input": {
                                                            "total": 1.3654870000001162,
                                                            "count": 13764,
                                                            "is_parallel": true,
                                                            "self": 1.3654870000001162
                                                        },
                                                        "communicator.exchange": {
                                                            "total": 75.60064620000075,
                                                            "count": 13764,
                                                            "is_parallel": true,
                                                            "self": 75.60064620000075
                                                        },
                                                        "steps_from_proto": {
                                                            "total": 3.528249700000333,
                                                            "count": 13764,
                                                            "is_parallel": true,
                                                            "self": 1.180643000000261,
                                                            "children": {
                                                                "_process_rank_one_or_two_observation": {
                                                                    "total": 2.347606700000072,
                                                                    "count": 82584,
                                                                    "is_parallel": true,
                                                                    "self": 2.347606700000072
                                                                }
                                                            }
                                                        }
                                                    }
                                                }
                                            }
                                        }
                                    }
                                }
                            }
                        }
                    }
                },
                "trainer_threads": {
                    "total": 3.060000000232321e-05,
                    "count": 1,
                    "self": 3.060000000232321e-05,
                    "children": {
                        "thread_root": {
                            "total": 0.0,
                            "count": 0,
                            "is_parallel": true,
                            "self": 0.0,
                            "children": {
                                "trainer_advance": {
                                    "total": 110.09587869999976,