{
    "name": "root",
    "metadata": {
        "timer_format_version": "0.1.0",
        "start_time_seconds": "1619789656",
        "python_version": "3.8.9 (tags/v3.8.9:a743f81, Apr  2 2021, 11:10:41) [MSC v.1928 64 bit (AMD64)]",
        "command_line_arguments": "C:\\Users\\dosso\\ProjectMain\\venv\\Scripts\\mlagents-learn config/MoveAgent.yaml --initialize-from=jump22 --run-id=jump27",
        "mlagents_version": "0.25.0",
        "mlagents_envs_version": "0.25.0",
        "communication_protocol_version": "1.5.0",
        "pytorch_version": "1.8.1+cu102",
        "numpy_version": "1.20.2",
        "end_time_seconds": "1619789700"
    },
    "total": 43.8506632,
    "count": 1,
    "self": 0.004764600000001451,
    "children": {
        "run_training.setup": {
            "total": 0.12888960000000005,
            "count": 1,
            "self": 0.12888960000000005
        },
        "TrainerController.start_learning": {
            "total": 43.717009,
            "count": 1,
            "self": 0.09243459999991899,
            "children": {
                "TrainerController._reset_env": {
                    "total": 5.9961401,
                    "count": 1,
                    "self": 5.9961401
                },
                "TrainerController.advance": {
                    "total": 37.51810970000008,
                    "count": 5916,
                    "self": 0.038373500000439265,
                    "children": {
                        "env_step": {
                            "total": 37.47973619999964,
                            "count": 5916,
                            "self": 30.685673699999693,
                            "children": {
                                "SubprocessEnvManager._take_step": {
                                    "total": 6.750161499999955,
                                    "count": 5916,
                                    "self": 0.21256709999992918,
                                    "children": {
                                        "TorchPolicy.evaluate": {
                                            "total": 6.5375944000000255,
                                            "count": 5889,
                                            "self": 3.014072000000139,
                                            "children": {
                                                "TorchPolicy.sample_actions": {
                                                    "total": 3.5235223999998864,
                                                    "count": 5889,
                                                    "self": 3.5235223999998864
                                                }
                                            }
                                        }
                                    }
                                },
                                "workers": {
                                    "total": 0.04390099999999375,
                                    "count": 5915,
                                    "self": 0.0,
                                    "children": {
                                        "worker_root": {
                                            "total": 38.79912939999993,
                                            "count": 5915,
                                            "is_parallel": true,
                                            "self": 11.683572799999762,
                                            "children": {
                                                "steps_from_proto": {
                                                    "total": 0.0003172999999998538,
                                                    "count": 1,
                                                    "is_parallel": true,
                                                    "self": 0.00010509999999985808,
                                                    "children": {
                                                        "_process_rank_one_or_two_observation": {
                                                            "total": 0.00021219999999999573,
                                                            "count": 4,
                                                            "is_parallel": true,
                                                            "self": 0.00021219999999999573
                                                        }
                                                    }
                                                },
                                                "UnityEnvironment.step": {
                                                    "total": 27.115239300000166,
                                                    "count": 5915,
                                                    "is_parallel": true,
                                                    "self": 0.2978377000006418,
                                                    "children": {
                                                        "UnityEnvironment._generate_step_input": {
                                                            "total": 0.5400398999998162,
                                                            "count": 5915,
                                                            "is_parallel": true,
                                                            "self": 0.5400398999998162
                                                        },
                                                        "communicator.exchange": {
                                                            "total": 25.104557999999823,
                                                            "count": 5915,
                                                            "is_parallel": true,
                                                            "self": 25.104557999999823
                                                        },
                                                        "steps_from_proto": {
                                                            "total": 1.1728036999998848,
                                                            "count": 5915,
                                                            "is_parallel": true,
                                                            "self": 0.4388738000001373,
                                                            "children": {
                                                                "_process_rank_one_or_two_observation": {
                                                                    "total": 0.7339298999997474,
                                                                    "count": 23660,
                                                                    "is_parallel": true,
                                                                    "self": 0.7339298999997474
                                                                }
                                                            }
                                                        }
                                                    }
                                                }
                                            }
                                        }
                                    }
                                }
                            }
                        }
                    }
                },
                "trainer_threads": {
                    "total": 2.1400000001392527e-05,
                    "count": 1,
                    "self": 2.1400000001392527e-05,
                    "children": {
                        "thread_root": {
                            "total": 0.0,
                            "count": 0,
                            "is_parallel": true,
                            "self": 0.0,