{
    "name": "root",
    "gauges": {
        "AgentMove.Policy.Entropy.mean": {
            "value": 1.4642103910446167,
            "min": 1.4642103910446167,
            "max": 1.4712746143341064,
            "count": 3
        },
        "AgentMove.Policy.Entropy.sum": {
            "value": 73181.234375,
            "min": 73181.234375,
            "max": 73578.4453125,
            "count": 3
        },
        "AgentMove.Environment.EpisodeLength.mean": {
            "value": 8.28173719376392,
            "min": 8.115103976650857,
            "max": 8.28173719376392,
            "count": 3
        },
        "AgentMove.Environment.EpisodeLength.sum": {
            "value": 44622.0,
            "min": 44487.0,
            "max": 44622.0,
            "count": 3
        },
        "AgentMove.Policy.ExtrinsicValueEstimate.mean": {
            "value": -0.9271266460418701,
            "min": -14.561784744262695,
            "max": -0.8729249238967896,
            "count": 3
        },
        "AgentMove.Policy.ExtrinsicValueEstimate.sum": {
            "value": -4994.43115234375,
            "min": -79347.1640625,
            "max": -4787.9931640625,
            "count": 3
        },
        "AgentMove.Environment.CumulativeReward.mean": {
            "value": -1.0,
            "min": -1.0,
            "max": -1.0,
            "count": 3
        },
        "AgentMove.Environment.CumulativeReward.sum": {
            "value": -5387.0,
            "min": -5485.0,
            "max": -5387.0,
            "count": 3
        },
        "AgentMove.Policy.ExtrinsicReward.mean": {
            "value": -1.0,
            "min": -1.0,
            "max": -1.0,
            "count": 3
        },
        "AgentMove.Policy.ExtrinsicReward.sum": {
            "value": -5387.0,
            "min": -5485.0,
            "max": -5387.0,
            "count": 3
        },
        "AgentMove.Losses.PolicyLoss.mean": {
            "value": 0.023944895090535285,
            "min": 0.023944895090535285,
            "max": 0.07757010807981715,
            "count": 3
        },
        "AgentMove.Losses.PolicyLoss.sum": {
            "value": 0.11972447545267642,
            "min": 0.11972447545267642,
            "max": 0.3102804323192686,
            "count": 3
        },
        "AgentMove.Losses.ValueLoss.mean": {
            "value": 0.3412520001331965,
            "min": 0.3412520001331965,
            "max": 73.61329196244479,
            "count": 3
        },
        "AgentMove.Losses.ValueLoss.sum": {
            "value": 1.7062600006659825,
            "min": 1.7062600006659825,
            "max": 294.45316784977916,
            "count": 3
        },
        "AgentMove.Policy.LearningRate.mean": {
            "value": 0.00022619738460087998,
            "min": 0.00022619738460087998,
            "max": 0.0002846208051264,
            "count": 3
        },
        "AgentMove.Policy.LearningRate.sum": {
            "value": 0.0011309869230044,
            "min": 0.0011309869230044,
            "max": 0.0012847164717611995,
            "count": 3
        },
        "AgentMove.Policy.Epsilon.mean": {
            "value": 0.17539912000000002,
            "min": 0.17539912000000002,
            "max": 0.1948736,
            "count": 3
        },
        "AgentMove.Policy.Epsilon.sum": {
            "value": 0.8769956000000001,
            "min": 0.7794944,
            "max": 0.9282388000000001,
            "count": 3
        },
        "AgentMove.Policy.Beta.mean": {
            "value": 0.003772416088000001,
            "min": 0.003772416088000001,
            "max": 0.0047441926399999996,
            "count": 3
        },
        "AgentMove.Policy.Beta.sum": {
            "value": 0.018862080440000005,
            "min": 0.018862080440000005,
            "max": 0.02141911612,
            "count": 3
        },
        "AgentMove.IsTraining.mean": {
            "value": 1.0,
            "min": 1.0,
            "max": 1.0,
            "count": 3
        },
        "AgentMove.IsTraining.sum": {
            "value": 1.0,
            "min": 1.0,
            "max": 1.0,
            "count": 3
        }
    },
    "metadata": {
        "timer_format_version": "0.1.0",
        "start_time_seconds": "1618438782",
        "python_version": "3.8.6 (tags/v3.8.6:db45529, Sep 23 2020, 15:52:53) [MSC v.1927 64 bit (AMD64)]",
        "command_line_arguments": "C:\\Users\\dosso\\ProjectMain\\venv\\Scripts\\mlagents-learn config/MoveAgent.yaml --initialize-from=testwork14 --run-id=learngoal",
        "mlagents_version": "0.25.0",
        "mlagents_envs_version": "0.25.0",
        "communication_protocol_version": "1.5.0",
        "pytorch_version": "1.8.1+cu102",
        "numpy_version": "1.20.2",
        "end_time_seconds": "1618439023"
    },
    "total": 241.717039,
    "count": 1,
    "self": 0.005320299999993949,
    "children": {
        "run_training.setup": {
            "total": 0.13408989999999998,
            "count": 1,
            "self": 0.13408989999999998
        },
        "TrainerController.start_learning": {
            "total": 241.5776288,
            "count": 1,
            "self": 0.457239499997911,
            "children": {
                "TrainerController._reset_env": {
                    "total": 18.294439099999998,
                    "count": 1,
                    "self": 18.294439099999998
                },
                "TrainerController.advance": {
                    "total": 222.7141814000021,
                    "count": 25871,
                    "self": 0.21253420000277856,
                    "children": {
                        "env_step": {
                            "total": 222.50164719999933,
                            "count": 25871,
                            "self": 190.56777070000112,
                            "children": {
                                "SubprocessEnvManager._take_step": {
                                    "total": 31.67183049999967,
                                    "count": 25871,
                                    "self": 0.6789011999993235,
                                    "children": {
                                        "TorchPolicy.evaluate": {
                                            "total": 30.992929300000345,
                                            "count": 12201,
                                            "self": 9.976180100001674,
                                            "children": {
                                                "TorchPolicy.sample_actions": {
                                                    "total": 21.01674919999867,
                                                    "count": 12201,
                                                    "self": 21.01674919999867
                                                }
                                            }
                                        }
                                    }
                                },
                                "workers": {
                                    "total": 0.26204599999853073,
                                    "count": 25870,
                                    "self": 0.0,
                                    "children": {
                                        "worker_root": {
                                            "total": 224.08156120000098,
                                            "count": 25870,
                                            "is_parallel": true,
                                            "self": 76.02899859999965,
                                            "children": {
                                                "steps_from_proto": {
                                                    "total": 0.00034190000000222653,
                                                    "count": 1,
                                                    "is_parallel": true,