{
    "name": "root",
    "metadata": {
        "timer_format_version": "0.1.0",
        "start_time_seconds": "1619552310",
        "python_version": "3.8.9 (tags/v3.8.9:a743f81, Apr  2 2021, 11:10:41) [MSC v.1928 64 bit (AMD64)]",
        "command_line_arguments": "C:\\Users\\dosso\\ProjectMain\\venv\\Scripts\\mlagents-learn config/MoveAgent.yaml --run-id=check9",
        "mlagents_version": "0.25.0",
        "mlagents_envs_version": "0.25.0",
        "communication_protocol_version": "1.5.0",
        "pytorch_version": "1.8.1+cu102",
        "numpy_version": "1.20.2",
        "end_time_seconds": "1619552329"
    },
    "total": 18.809381000000002,
    "count": 1,
    "self": 0.0048472000000003845,
    "children": {
        "run_training.setup": {
            "total": 0.1373801,
            "count": 1,
            "self": 0.1373801
        },
        "TrainerController.start_learning": {
            "total": 18.6671537,
            "count": 1,
            "self": 0.04326929999994533,
            "children": {
                "TrainerController._reset_env": {
                    "total": 6.7944775,
                    "count": 1,
                    "self": 6.7944775
                },
                "TrainerController.advance": {
                    "total": 11.726731900000054,
                    "count": 2142,
                    "self": 0.014824900000029118,
                    "children": {
                        "env_step": {
                            "total": 11.711907000000025,
                            "count": 2142,
                            "self": 9.030338300000043,
                            "children": {
                                "SubprocessEnvManager._take_step": {
                                    "total": 2.665656500000021,
                                    "count": 2142,
                                    "self": 0.08202749999991799,
                                    "children": {
                                        "TorchPolicy.evaluate": {
                                            "total": 2.583629000000103,
                                            "count": 2101,
                                            "self": 1.1711681000001377,
                                            "children": {
                                                "TorchPolicy.sample_actions": {
                                                    "total": 1.4124608999999655,
                                                    "count": 2101,
                                                    "self": 1.4124608999999655
                                                }
                                            }
                                        }
                                    }
                                },
                                "workers": {
                                    "total": 0.015912199999959853,
                                    "count": 2141,
                                    "self": 0.0,
                                    "children": {
                                        "worker_root": {
                                            "total": 13.080053299999971,
                                            "count": 2141,
                                            "is_parallel": true,
                                            "self": 5.395324300000051,
                                            "children": {
                                                "steps_from_proto": {
                                                    "total": 0.00030250000000009436,
                                                    "count": 1,
                                                    "is_parallel": true,
                                                    "self": 0.00011559999999999349,
                                                    "children": {
                                                        "_process_rank_one_or_two_observation": {
                                                            "total": 0.00018690000000010087,
                                                            "count": 4,
                                                            "is_parallel": true,
                                                            "self": 0.00018690000000010087
                                                        }
                                                    }
                                                },
                                                "UnityEnvironment.step": {
                                                    "total": 7.68442649999992,
                                                    "count": 2141,
                                                    "is_parallel": true,
                                                    "self": 0.0974600999999069,
                                                    "children": {
                                                        "UnityEnvironment._generate_step_input": {
                                                            "total": 0.2147838000000375,
                                                            "count": 2141,
                                                            "is_parallel": true,
                                                            "self": 0.2147838000000375
                                                        },
                                                        "communicator.exchange": {
                                                            "total": 6.978768100000015,
                                                            "count": 2141,
                                                            "is_parallel": true,
                                                            "self": 6.978768100000015
                                                        },
                                                        "steps_from_proto": {
                                                            "total": 0.3934144999999605,
                                                            "count": 2141,
                                                            "is_parallel": true,
                                                            "self": 0.17246209999981676,
                                                            "children": {
                                                                "_process_rank_one_or_two_observation": {
                                                                    "total": 0.2209524000001437,
                                                                    "count": 8564,
                                                                    "is_parallel": true,
                                                                    "self": 0.2209524000001437
                                                                }
                                                            }
                                                        }
                                                    }
                                                }
                                            }
                                        }
                                    }
                                }
                            }
                        }
                    }
                },
                "trainer_threads": {
                    "total": 2.250000000003638e-05,
                    "count": 1,
                    "self": 2.250000000003638e-05,
                    "children": {
                        "thread_root": {
                            "total": 0.0,
                            "count": 0,
                            "is_parallel": true,
                            "self": 0.0,
                            "children": {
                                "trainer_advance": {
                                    "total": 11.757539799999996,