{
    "name": "root",
    "gauges": {
        "MyBehavior.Policy.Entropy.mean": {
            "value": 1.3606576919555664,
            "min": 1.3606576919555664,
            "max": 1.3870757818222046,
            "count": 10
        },
        "MyBehavior.Policy.Entropy.sum": {
            "value": 67830.1484375,
            "min": 67830.1484375,
            "max": 69593.1875,
            "count": 10
        },
        "MyBehavior.Policy.ExtrinsicValueEstimate.mean": {
            "value": 21.54970359802246,
            "min": 18.97808837890625,
            "max": 43.372745513916016,
            "count": 10
        },
        "MyBehavior.Policy.ExtrinsicValueEstimate.sum": {
            "value": 17347.51171875,
            "min": 15258.3828125,
            "max": 37300.5625,
            "count": 10
        },
        "MyBehavior.Environment.EpisodeLength.mean": {
            "value": 1578.5,
            "min": 367.55725190839695,
            "max": 1578.5,
            "count": 10
        },
        "MyBehavior.Environment.EpisodeLength.sum": {
            "value": 47355.0,
            "min": 46292.0,
            "max": 51647.0,
            "count": 10
        },
        "MyBehavior.Environment.CumulativeReward.mean": {
            "value": 305.3333333333333,
            "min": 194.50381679389312,
            "max": 307.42857142857144,
            "count": 10
        },
        "MyBehavior.Environment.CumulativeReward.sum": {
            "value": 9160.0,
            "min": 9160.0,
            "max": 29600.0,
            "count": 10
        },
        "MyBehavior.Policy.ExtrinsicReward.mean": {
            "value": 305.3333333333333,
            "min": 194.50381679389312,
            "max": 307.42857142857144,
            "count": 10
        },
        "MyBehavior.Policy.ExtrinsicReward.sum": {
            "value": 9160.0,
            "min": 9160.0,
            "max": 29600.0,
            "count": 10
        },
        "MyBehavior.Losses.PolicyLoss.mean": {
            "value": 0.023251493466086685,
            "min": 0.0213756521170338,
            "max": 0.026633690379094334,
            "count": 10
        },
        "MyBehavior.Losses.PolicyLoss.sum": {
            "value": 0.11625746733043342,
            "min": 0.0974545905754591,
            "max": 0.13270078282803296,
            "count": 10
        },
        "MyBehavior.Losses.ValueLoss.mean": {
            "value": 5.327589698632559,
            "min": 3.410012052853902,
            "max": 86.30151034355166,
            "count": 10
        },
        "MyBehavior.Losses.ValueLoss.sum": {
            "value": 26.637948493162792,
            "min": 17.05006026426951,
            "max": 431.50755171775825,
            "count": 10
        },
        "MyBehavior.Policy.LearningRate.mean": {
            "value": 1.6464814511759997e-05,
            "min": 1.6464814511759997e-05,
            "max": 0.0002845981551339499,
            "count": 10
        },
        "MyBehavior.Policy.LearningRate.sum": {
            "value": 8.232407255879999e-05,
            "min": 8.232407255879999e-05,
            "max": 0.0012842820719059997,
            "count": 10
        },
        "MyBehavior.Policy.Epsilon.mean": {
            "value": 0.10548824000000001,
            "min": 0.10548824000000001,
            "max": 0.19486604999999996,
            "count": 10
        },
        "MyBehavior.Policy.Epsilon.sum": {
            "value": 0.5274412,
            "min": 0.5000054,
            "max": 0.9280940000000002,
            "count": 10
        },
        "MyBehavior.Policy.Beta.mean": {
            "value": 0.00028386317600000003,
            "min": 0.00028386317600000003,
            "max": 0.0047438158950000005,
            "count": 10
        },
        "MyBehavior.Policy.Beta.sum": {
            "value": 0.0014193158800000002,
            "min": 0.0014193158800000002,
            "max": 0.0214118906,
            "count": 10
        },
        "MyBehavior.IsTraining.mean": {
            "value": 1.0,
            "min": 1.0,
            "max": 1.0,
            "count": 10
        },
        "MyBehavior.IsTraining.sum": {
            "value": 1.0,
            "min": 1.0,
            "max": 1.0,
            "count": 10
        }
    },
    "metadata": {
        "timer_format_version": "0.1.0",
        "start_time_seconds": "1619630471",
        "python_version": "3.8.9 (tags/v3.8.9:a743f81, Apr  2 2021, 11:10:41) [MSC v.1928 64 bit (AMD64)]",
        "command_line_arguments": "C:\\Users\\dosso\\ProjectMain\\venv\\Scripts\\mlagents-learn config/MoveAgent.yaml --initialize-from=corner5 --run-id=corner6",
        "mlagents_version": "0.25.0",
        "mlagents_envs_version": "0.25.0",
        "communication_protocol_version": "1.5.0",
        "pytorch_version": "1.8.1+cu102",
        "numpy_version": "1.20.2",
        "end_time_seconds": "1619632263"
    },
    "total": 1792.6112837,
    "count": 1,
    "self": 0.007423000000017055,
    "children": {
        "run_training.setup": {
            "total": 0.14045989999999997,
            "count": 1,
            "self": 0.14045989999999997
        },
        "TrainerController.start_learning": {
            "total": 1792.4634008,
            "count": 1,
            "self": 1.3444160999720225,
            "children": {
                "TrainerController._reset_env": {
                    "total": 5.8911638,
                    "count": 1,
                    "self": 5.8911638
                },
                "TrainerController.advance": {
                    "total": 1785.154649300028,
                    "count": 56100,
                    "self": 0.6220737000135159,
                    "children": {
                        "env_step": {
                            "total": 1784.5325756000145,
                            "count": 56100,
                            "self": 1634.5483390000259,
                            "children": {
                                "SubprocessEnvManager._take_step": {
                                    "total": 149.31190480001254,
                                    "count": 56100,
                                    "self": 3.073443199976623,
                                    "children": {
                                        "TorchPolicy.evaluate": {
                                            "total": 146.23846160003592,
                                            "count": 55577,
                                            "self": 51.62937670006255,
                                            "children": {
                                                "TorchPolicy.sample_actions": {
                                                    "total": 94.60908489997337,
                                                    "count": 55577,
                                                    "self": 94.60908489997337
                                                }
                                            }
                                        }
                                    }
                                },
                                "workers": {
                                    "total": 0.6723317999761624,
                                    "count": 56100,
                                    "self": 0.0,
                                    "children": {
                                        "worker_root": {
                                            "total": 1786.1236234000105,
                                            "count": 56100,
                                            "is_parallel": true,
                                            "self": 231.8436795000191,
                                            "children": {
                                                "steps_from_proto": {
                                                    "total": 0.0008174000000007453,
                                                    "count": 1,