{
    "name": "root",
    "gauges": {
        "FFormAgent.Policy.Entropy.mean": {
            "value": 1.3900671005249023,
            "min": 1.3900671005249023,
            "max": 1.4114012718200684,
            "count": 10
        },
        "FFormAgent.Policy.Entropy.sum": {
            "value": 69458.875,
            "min": 69458.875,
            "max": 70855.1640625,
            "count": 10
        },
        "FFormAgent.Environment.EpisodeLength.mean": {
            "value": 38.151135473766644,
            "min": 36.220238095238095,
            "max": 39.09470304975923,
            "count": 10
        },
        "FFormAgent.Environment.EpisodeLength.sum": {
            "value": 48719.0,
            "min": 48647.0,
            "max": 48785.0,
            "count": 10
        },
        "FFormAgent.Policy.ExtrinsicValueEstimate.mean": {
            "value": -30.580976486206055,
            "min": -33.67961120605469,
            "max": -30.580976486206055,
            "count": 10
        },
        "FFormAgent.Policy.ExtrinsicValueEstimate.sum": {
            "value": -41895.9375,
            "min": -46284.69921875,
            "max": -41895.9375,
            "count": 10
        },
        "FFormAgent.Environment.CumulativeReward.mean": {
            "value": -36.86220312364744,
            "min": -40.05864335481155,
            "max": -36.86220312364744,
            "count": 10
        },
        "FFormAgent.Environment.CumulativeReward.sum": {
            "value": -47073.03338889778,
            "min": -53792.969383239746,
            "max": -47073.03338889778,
            "count": 10
        },
        "FFormAgent.Policy.ExtrinsicReward.mean": {
            "value": -36.86220312364744,
            "min": -40.05864335481155,
            "max": -36.86220312364744,
            "count": 10
        },
        "FFormAgent.Policy.ExtrinsicReward.sum": {
            "value": -47073.03338889778,
            "min": -53792.969383239746,
            "max": -47073.03338889778,
            "count": 10
        },
        "FFormAgent.Losses.PolicyLoss.mean": {
            "value": 0.02542392897367904,
            "min": 0.022455676769798934,
            "max": 0.026837859686978237,
            "count": 10
        },
        "FFormAgent.Losses.PolicyLoss.sum": {
            "value": 0.1271196448683952,
            "min": 0.09233281062649136,
            "max": 0.1341892984348912,
            "count": 10
        },
        "FFormAgent.Losses.ValueLoss.mean": {
            "value": 43.031893717447915,
            "min": 0.20037259946266808,
            "max": 43.031893717447915,
            "count": 10
        },
        "FFormAgent.Losses.ValueLoss.sum": {
            "value": 215.1594685872396,
            "min": 0.8449894845485686,
            "max": 215.1594685872396,
            "count": 10
        },
        "FFormAgent.Policy.LearningRate.mean": {
            "value": 1.6759174413639998e-05,
            "min": 1.6759174413639998e-05,
            "max": 0.0002846020551326501,
            "count": 10
        },
        "FFormAgent.Policy.LearningRate.sum": {
            "value": 8.379587206819998e-05,
            "min": 8.379587206819998e-05,
            "max": 0.0012843720718759997,
            "count": 10
        },
        "FFormAgent.Policy.Epsilon.mean": {
            "value": 0.10558636000000002,
            "min": 0.10558636000000002,
            "max": 0.19486735000000002,
            "count": 10
        },
        "FFormAgent.Policy.Epsilon.sum": {
            "value": 0.5279318000000001,
            "min": 0.5002970000000001,
            "max": 0.9281239999999998,
            "count": 10
        },
        "FFormAgent.Policy.Beta.mean": {
            "value": 0.000288759364,
            "min": 0.000288759364,
            "max": 0.004743880765,
            "count": 10
        },
        "FFormAgent.Policy.Beta.sum": {
            "value": 0.00144379682,
            "min": 0.00144379682,
            "max": 0.0214133876,
            "count": 10
        },
        "FFormAgent.IsTraining.mean": {
            "value": 1.0,
            "min": 1.0,
            "max": 1.0,
            "count": 10
        },
        "FFormAgent.IsTraining.sum": {
            "value": 1.0,
            "min": 1.0,
            "max": 1.0,
            "count": 10
        }
    },
    "metadata": {
        "timer_format_version": "0.1.0",
        "start_time_seconds": "1619799221",
        "python_version": "3.8.9 (tags/v3.8.9:a743f81, Apr  2 2021, 11:10:41) [MSC v.1928 64 bit (AMD64)]",
        "command_line_arguments": "C:\\Users\\dosso\\ProjectMain\\venv\\Scripts\\mlagents-learn config/MoveAgent.yaml --initialize-from=frun1 --run-id=frun2",
        "mlagents_version": "0.25.0",
        "mlagents_envs_version": "0.25.0",
        "communication_protocol_version": "1.5.0",
        "pytorch_version": "1.8.1+cu102",
        "numpy_version": "1.20.2",
        "end_time_seconds": "1619801466"
    },
    "total": 2245.0777249999996,
    "count": 1,
    "self": 0.007886599999892496,
    "children": {
        "run_training.setup": {
            "total": 0.1745257,
            "count": 1,
            "self": 0.1745257
        },
        "TrainerController.start_learning": {
            "total": 2244.8953127,
            "count": 1,
            "self": 2.036722700000155,
            "children": {
                "TrainerController._reset_env": {
                    "total": 8.4036799,
                    "count": 1,
                    "self": 8.4036799
                },
                "TrainerController.advance": {
                    "total": 2234.3765057999994,
                    "count": 65563,
                    "self": 0.7956182000230001,
                    "children": {
                        "env_step": {
                            "total": 2233.5808875999764,
                            "count": 65563,
                            "self": 2004.5858908999808,
                            "children": {
                                "SubprocessEnvManager._take_step": {
                                    "total": 228.03885210001147,
                                    "count": 65563,
                                    "self": 4.360373100051305,
                                    "children": {
                                        "TorchPolicy.evaluate": {
                                            "total": 223.67847899996016,
                                            "count": 55573,
                                            "self": 112.13335099991596,
                                            "children": {
                                                "TorchPolicy.sample_actions": {
                                                    "total": 111.5451280000442,
                                                    "count": 55573,
                                                    "self": 111.5451280000442
                                                }
                                            }
                                        }
                                    }
                                },
                                "workers": {
                                    "total": 0.9561445999843201,
                                    "count": 65563,
                                    "self": 0.0,
                                    "children": {
                                        "worker_root": {
                                            "total": 2235.795191400015,
                                            "count": 65563,
                                            "is_parallel": true,
                                            "self": 336.9583301000023,
                                            "children": {
                                                "steps_from_proto": {
                                                    "total": 0.0010636000000001644,
                                                    "count": 1,