{
    "name": "root",
    "metadata": {
        "timer_format_version": "0.1.0",
        "start_time_seconds": "1619727846",
        "python_version": "3.8.9 (tags/v3.8.9:a743f81, Apr  2 2021, 11:10:41) [MSC v.1928 64 bit (AMD64)]",
        "command_line_arguments": "C:\\Users\\dosso\\ProjectMain\\venv\\Scripts\\mlagents-learn config/MoveAgent.yaml --run-id=jump6",
        "mlagents_version": "0.25.0",
        "mlagents_envs_version": "0.25.0",
        "communication_protocol_version": "1.5.0",
        "pytorch_version": "1.8.1+cu102",
        "numpy_version": "1.20.2",
        "end_time_seconds": "1619727907"
    },
    "total": 60.841948,
    "count": 1,
    "self": 0.005099899999997604,
    "children": {
        "run_training.setup": {
            "total": 0.1326677999999999,
            "count": 1,
            "self": 0.1326677999999999
        },
        "TrainerController.start_learning": {
            "total": 60.704180300000004,
            "count": 1,
            "self": 0.041231999999766344,
            "children": {
                "TrainerController._reset_env": {
                    "total": 6.6893277,
                    "count": 1,
                    "self": 6.6893277
                },
                "TrainerController.advance": {
                    "total": 53.854152200000236,
                    "count": 1923,
                    "self": 0.016607499999992115,
                    "children": {
                        "env_step": {
                            "total": 53.837544700000244,
                            "count": 1923,
                            "self": 50.44333010000023,
                            "children": {
                                "SubprocessEnvManager._take_step": {
                                    "total": 3.3739495000000748,
                                    "count": 1923,
                                    "self": 0.06602959999998692,
                                    "children": {
                                        "TorchPolicy.evaluate": {
                                            "total": 3.307919900000088,
                                            "count": 1245,
                                            "self": 1.1088943000000855,
                                            "children": {
                                                "TorchPolicy.sample_actions": {
                                                    "total": 2.1990256000000024,
                                                    "count": 1245,
                                                    "self": 2.1990256000000024
                                                }
                                            }
                                        }
                                    }
                                },
                                "workers": {
                                    "total": 0.020265099999935643,
                                    "count": 1922,
                                    "self": 0.0,
                                    "children": {
                                        "worker_root": {
                                            "total": 55.21400870000007,
                                            "count": 1922,
                                            "is_parallel": true,
                                            "self": 7.1026396999999974,
                                            "children": {
                                                "steps_from_proto": {
                                                    "total": 0.0010343999999999909,
                                                    "count": 1,
                                                    "is_parallel": true,
                                                    "self": 0.00014569999999913819,
                                                    "children": {
                                                        "_process_rank_one_or_two_observation": {
                                                            "total": 0.0008887000000008527,
                                                            "count": 6,
                                                            "is_parallel": true,
                                                            "self": 0.0008887000000008527
                                                        }
                                                    }
                                                },
                                                "UnityEnvironment.step": {
                                                    "total": 48.11033460000007,
                                                    "count": 1922,
                                                    "is_parallel": true,
                                                    "self": 0.1691889000004636,
                                                    "children": {
                                                        "UnityEnvironment._generate_step_input": {
                                                            "total": 0.46425609999988726,
                                                            "count": 1922,
                                                            "is_parallel": true,
                                                            "self": 0.46425609999988726
                                                        },
                                                        "communicator.exchange": {
                                                            "total": 46.142027899999746,
                                                            "count": 1922,
                                                            "is_parallel": true,
                                                            "self": 46.142027899999746
                                                        },
                                                        "steps_from_proto": {
                                                            "total": 1.3348616999999727,
                                                            "count": 1922,
                                                            "is_parallel": true,
                                                            "self": 0.20591449999970646,
                                                            "children": {
                                                                "_process_rank_one_or_two_observation": {
                                                                    "total": 1.1289472000002663,
                                                                    "count": 11532,
                                                                    "is_parallel": true,
                                                                    "self": 1.1289472000002663
                                                                }
                                                            }
                                                        }
                                                    }
                                                }
                                            }
                                        }
                                    }
                                }
                            }
                        }
                    }
                },
                "trainer_threads": {
                    "total": 3.1100000001060835e-05,
                    "count": 1,
                    "self": 3.1100000001060835e-05,
                    "children": {
                        "thread_root": {
                            "total": 0.0,
                            "count": 0,
                            "is_parallel": true,
                            "self": 0.0,
                            "children": {
                                "trainer_advance": {
                                    "total": 53.838204599999905,