{
    "name": "root",
    "metadata": {
        "timer_format_version": "0.1.0",
        "start_time_seconds": "1619734606",
        "python_version": "3.8.9 (tags/v3.8.9:a743f81, Apr  2 2021, 11:10:41) [MSC v.1928 64 bit (AMD64)]",
        "command_line_arguments": "C:\\Users\\dosso\\ProjectMain\\venv\\Scripts\\mlagents-learn config/MoveAgent.yaml --run-id=jump13",
        "mlagents_version": "0.25.0",
        "mlagents_envs_version": "0.25.0",
        "communication_protocol_version": "1.5.0",
        "pytorch_version": "1.8.1+cu102",
        "numpy_version": "1.20.2",
        "end_time_seconds": "1619734660"
    },
    "total": 53.726096500000004,
    "count": 1,
    "self": 0.005198900000003448,
    "children": {
        "run_training.setup": {
            "total": 0.14447700000000008,
            "count": 1,
            "self": 0.14447700000000008
        },
        "TrainerController.start_learning": {
            "total": 53.5764206,
            "count": 1,
            "self": 0.04474839999993918,
            "children": {
                "TrainerController._reset_env": {
                    "total": 7.111687099999999,
                    "count": 1,
                    "self": 7.111687099999999
                },
                "TrainerController.advance": {
                    "total": 46.31022380000006,
                    "count": 1802,
                    "self": 0.016936200000131407,
                    "children": {
                        "env_step": {
                            "total": 46.29328759999993,
                            "count": 1802,
                            "self": 42.31128499999993,
                            "children": {
                                "SubprocessEnvManager._take_step": {
                                    "total": 3.9630439000000077,
                                    "count": 1802,
                                    "self": 0.08520029999985823,
                                    "children": {
                                        "TorchPolicy.evaluate": {
                                            "total": 3.8778436000001495,
                                            "count": 1639,
                                            "self": 1.2543368000000292,
                                            "children": {
                                                "TorchPolicy.sample_actions": {
                                                    "total": 2.6235068000001203,
                                                    "count": 1639,
                                                    "self": 2.6235068000001203
                                                }
                                            }
                                        }
                                    }
                                },
                                "workers": {
                                    "total": 0.01895869999999711,
                                    "count": 1801,
                                    "self": 0.0,
                                    "children": {
                                        "worker_root": {
                                            "total": 47.61073360000004,
                                            "count": 1801,
                                            "is_parallel": true,
                                            "self": 7.5275611999999015,
                                            "children": {
                                                "steps_from_proto": {
                                                    "total": 0.0007535000000000736,
                                                    "count": 1,
                                                    "is_parallel": true,
                                                    "self": 0.00012369999999961578,
                                                    "children": {
                                                        "_process_rank_one_or_two_observation": {
                                                            "total": 0.0006298000000004578,
                                                            "count": 4,
                                                            "is_parallel": true,
                                                            "self": 0.0006298000000004578
                                                        }
                                                    }
                                                },
                                                "UnityEnvironment.step": {
                                                    "total": 40.082418900000135,
                                                    "count": 1801,
                                                    "is_parallel": true,
                                                    "self": 0.15243200000016088,
                                                    "children": {
                                                        "UnityEnvironment._generate_step_input": {
                                                            "total": 0.5862953999999432,
                                                            "count": 1801,
                                                            "is_parallel": true,
                                                            "self": 0.5862953999999432
                                                        },
                                                        "communicator.exchange": {
                                                            "total": 38.26323570000011,
                                                            "count": 1801,
                                                            "is_parallel": true,
                                                            "self": 38.26323570000011
                                                        },
                                                        "steps_from_proto": {
                                                            "total": 1.080455799999923,
                                                            "count": 1801,
                                                            "is_parallel": true,
                                                            "self": 0.18511029999957707,
                                                            "children": {
                                                                "_process_rank_one_or_two_observation": {
                                                                    "total": 0.8953455000003459,
                                                                    "count": 7204,
                                                                    "is_parallel": true,
                                                                    "self": 0.8953455000003459
                                                                }
                                                            }
                                                        }
                                                    }
                                                }
                                            }
                                        }
                                    }
                                }
                            }
                        }
                    }
                },
                "trainer_threads": {
                    "total": 2.7100000004054436e-05,
                    "count": 1,
                    "self": 2.7100000004054436e-05,
                    "children": {
                        "thread_root": {
                            "total": 0.0,
                            "count": 0,
                            "is_parallel": true,
                            "self": 0.0,