{
    "name": "root",
    "gauges": {
        "JumpAgent.Policy.Entropy.mean": {
            "value": 1.3976573944091797,
            "min": 1.3976573944091797,
            "max": 1.4179130792617798,
            "count": 3
        },
        "JumpAgent.Policy.Entropy.sum": {
            "value": 70051.984375,
            "min": 70051.984375,
            "max": 71309.6875,
            "count": 3
        },
        "JumpAgent.Environment.EpisodeLength.mean": {
            "value": 64.95652173913044,
            "min": 61.3178391959799,
            "max": 88.06914893617021,
            "count": 3
        },
        "JumpAgent.Environment.EpisodeLength.sum": {
            "value": 49302.0,
            "min": 48809.0,
            "max": 49671.0,
            "count": 3
        },
        "JumpAgent.Policy.ExtrinsicValueEstimate.mean": {
            "value": 47.23905944824219,
            "min": 47.23905944824219,
            "max": 540.5924072265625,
            "count": 3
        },
        "JumpAgent.Policy.ExtrinsicValueEstimate.sum": {
            "value": 45774.6484375,
            "min": 45774.6484375,
            "max": 481667.8125,
            "count": 3
        },
        "JumpAgent.Environment.CumulativeReward.mean": {
            "value": -39.736495388669304,
            "min": -39.84905660377358,
            "max": -38.652482269503544,
            "count": 3
        },
        "JumpAgent.Environment.CumulativeReward.sum": {
            "value": -30160.0,
            "min": -31680.0,
            "max": -21800.0,
            "count": 3
        },
        "JumpAgent.Policy.ExtrinsicReward.mean": {
            "value": -39.736495388669304,
            "min": -39.84905660377358,
            "max": -38.652482269503544,
            "count": 3
        },
        "JumpAgent.Policy.ExtrinsicReward.sum": {
            "value": -30160.0,
            "min": -31680.0,
            "max": -21800.0,
            "count": 3
        },
        "JumpAgent.Losses.PolicyLoss.mean": {
            "value": 0.03667648724331836,
            "min": 0.03394762772674464,
            "max": 0.042293277786423764,
            "count": 3
        },
        "JumpAgent.Losses.PolicyLoss.sum": {
            "value": 0.18338243621659178,
            "min": 0.13579051090697855,
            "max": 0.21146638893211883,
            "count": 3
        },
        "JumpAgent.Losses.ValueLoss.mean": {
            "value": 500.45011791388197,
            "min": 500.45011791388197,
            "max": 4600.811857299805,
            "count": 3
        },
        "JumpAgent.Losses.ValueLoss.sum": {
            "value": 2502.25058956941,
            "min": 2502.25058956941,
            "max": 23004.05928649902,
            "count": 3
        },
        "JumpAgent.Policy.LearningRate.mean": {
            "value": 0.00022608038463988,
            "min": 0.00022608038463988,
            "max": 0.00028460865513045,
            "count": 3
        },
        "JumpAgent.Policy.LearningRate.sum": {
            "value": 0.0011304019231994,
            "min": 0.0011304019231994,
            "max": 0.0012843834718721998,
            "count": 3
        },
        "JumpAgent.Policy.Epsilon.mean": {
            "value": 0.17536012000000004,
            "min": 0.17536012000000004,
            "max": 0.19486955,
            "count": 3
        },
        "JumpAgent.Policy.Epsilon.sum": {
            "value": 0.8768006000000002,
            "min": 0.7794782,
            "max": 0.9281278,
            "count": 3
        },
        "JumpAgent.Policy.Beta.mean": {
            "value": 0.003770469988000001,
            "min": 0.003770469988000001,
            "max": 0.004743990545,
            "count": 3
        },
        "JumpAgent.Policy.Beta.sum": {
            "value": 0.018852349940000006,
            "min": 0.018852349940000006,
            "max": 0.02141357722,
            "count": 3
        },
        "JumpAgent.IsTraining.mean": {
            "value": 1.0,
            "min": 1.0,
            "max": 1.0,
            "count": 3
        },
        "JumpAgent.IsTraining.sum": {
            "value": 1.0,
            "min": 1.0,
            "max": 1.0,
            "count": 3
        }
    },
    "metadata": {
        "timer_format_version": "0.1.0",
        "start_time_seconds": "1619726816",
        "python_version": "3.8.9 (tags/v3.8.9:a743f81, Apr  2 2021, 11:10:41) [MSC v.1928 64 bit (AMD64)]",
        "command_line_arguments": "C:\\Users\\dosso\\ProjectMain\\venv\\Scripts\\mlagents-learn config/MoveAgent.yaml --run-id=jump5",
        "mlagents_version": "0.25.0",
        "mlagents_envs_version": "0.25.0",
        "communication_protocol_version": "1.5.0",
        "pytorch_version": "1.8.1+cu102",
        "numpy_version": "1.20.2",
        "end_time_seconds": "1619727584"
    },
    "total": 767.7207846,
    "count": 1,
    "self": 0.004934199999979683,
    "children": {
        "run_training.setup": {
            "total": 0.13317230000000013,
            "count": 1,
            "self": 0.13317230000000013
        },
        "TrainerController.start_learning": {
            "total": 767.5826781000001,
            "count": 1,
            "self": 0.5042091999980585,
            "children": {
                "TrainerController._reset_env": {
                    "total": 7.1466924999999994,
                    "count": 1,
                    "self": 7.1466924999999994
                },
                "TrainerController.advance": {
                    "total": 759.815315300002,
                    "count": 21656,
                    "self": 0.22117740000078356,
                    "children": {
                        "env_step": {
                            "total": 759.5941379000012,
                            "count": 21656,
                            "self": 704.4380187999952,
                            "children": {
                                "SubprocessEnvManager._take_step": {
                                    "total": 54.897071200006664,
                                    "count": 21656,
                                    "self": 1.072279000003249,
                                    "children": {
                                        "TorchPolicy.evaluate": {
                                            "total": 53.824792200003415,
                                            "count": 20045,
                                            "self": 18.532988400003923,
                                            "children": {
                                                "TorchPolicy.sample_actions": {
                                                    "total": 35.29180379999949,
                                                    "count": 20045,
                                                    "self": 35.29180379999949
                                                }
                                            }
                                        }
                                    }
                                },
                                "workers": {
                                    "total": 0.2590478999993131,
                                    "count": 21655,
                                    "self": 0.0,
                                    "children": {
                                        "worker_root": {
                                            "total": 761.1096717999959,
                                            "count": 21655,
                                            "is_parallel": true,
                                            "self": 86.51281389999201,
                                            "children": {
                                                "steps_from_proto": {
                                                    "total": 0.0009639000000003506,
                                                    "count": 1,
                                                    "is_parallel": true,