{
    "name": "root",
    "metadata": {
        "timer_format_version": "0.1.0",
        "start_time_seconds": "1619809708",
        "python_version": "3.8.9 (tags/v3.8.9:a743f81, Apr  2 2021, 11:10:41) [MSC v.1928 64 bit (AMD64)]",
        "command_line_arguments": "C:\\Users\\dosso\\ProjectMain\\venv\\Scripts\\mlagents-learn config/MoveAgent.yaml --initialize-from=rfrun4 --run-id=rfrun5",
        "mlagents_version": "0.25.0",
        "mlagents_envs_version": "0.25.0",
        "communication_protocol_version": "1.5.0",
        "pytorch_version": "1.8.1+cu102",
        "numpy_version": "1.20.2",
        "end_time_seconds": "1619809722"
    },
    "total": 13.9391598,
    "count": 1,
    "self": 0.005550000000001276,
    "children": {
        "run_training.setup": {
            "total": 0.14200619999999997,
            "count": 1,
            "self": 0.14200619999999997
        },
        "TrainerController.start_learning": {
            "total": 13.791603599999998,
            "count": 1,
            "self": 0.015850299999982553,
            "children": {
                "TrainerController._reset_env": {
                    "total": 6.055138899999999,
                    "count": 1,
                    "self": 6.055138899999999
                },
                "TrainerController.advance": {
                    "total": 7.610426700000015,
                    "count": 263,
                    "self": 0.0022175000000315137,
                    "children": {
                        "env_step": {
                            "total": 7.608209199999983,
                            "count": 263,
                            "self": 7.129279399999965,
                            "children": {
                                "SubprocessEnvManager._take_step": {
                                    "total": 0.47670350000000905,
                                    "count": 263,
                                    "self": 0.011946300000008847,
                                    "children": {
                                        "TorchPolicy.evaluate": {
                                            "total": 0.4647572000000002,
                                            "count": 251,
                                            "self": 0.1462441999999884,
                                            "children": {
                                                "TorchPolicy.sample_actions": {
                                                    "total": 0.3185130000000118,
                                                    "count": 251,
                                                    "self": 0.3185130000000118
                                                }
                                            }
                                        }
                                    }
                                },
                                "workers": {
                                    "total": 0.002226300000009118,
                                    "count": 262,
                                    "self": 0.0,
                                    "children": {
                                        "worker_root": {
                                            "total": 8.92632829999998,
                                            "count": 262,
                                            "is_parallel": true,
                                            "self": 2.0691774999999826,
                                            "children": {
                                                "steps_from_proto": {
                                                    "total": 0.000812299999999766,
                                                    "count": 1,
                                                    "is_parallel": true,
                                                    "self": 0.00011970000000083303,
                                                    "children": {
                                                        "_process_rank_one_or_two_observation": {
                                                            "total": 0.000692599999998933,
                                                            "count": 4,
                                                            "is_parallel": true,
                                                            "self": 0.000692599999998933
                                                        }
                                                    }
                                                },
                                                "UnityEnvironment.step": {
                                                    "total": 6.856338499999998,
                                                    "count": 262,
                                                    "is_parallel": true,
                                                    "self": 0.022388100000001465,
                                                    "children": {
                                                        "UnityEnvironment._generate_step_input": {
                                                            "total": 0.08606059999999438,
                                                            "count": 262,
                                                            "is_parallel": true,
                                                            "self": 0.08606059999999438
                                                        },
                                                        "communicator.exchange": {
                                                            "total": 6.553674000000011,
                                                            "count": 262,
                                                            "is_parallel": true,
                                                            "self": 6.553674000000011
                                                        },
                                                        "steps_from_proto": {
                                                            "total": 0.1942157999999914,
                                                            "count": 262,
                                                            "is_parallel": true,
                                                            "self": 0.02597970000000327,
                                                            "children": {
                                                                "_process_rank_one_or_two_observation": {
                                                                    "total": 0.16823609999998812,
                                                                    "count": 1048,
                                                                    "is_parallel": true,
                                                                    "self": 0.16823609999998812
                                                                }
                                                            }
                                                        }
                                                    }
                                                }
                                            }
                                        }
                                    }
                                }
                            }
                        }
                    }
                },
                "trainer_threads": {
                    "total": 3.889999999984184e-05,
                    "count": 1,
                    "self": 3.889999999984184e-05,
                    "children": {
                        "thread_root": {
                            "total": 0.0,
                            "count": 0,
                            "is_parallel": true,
                            "self": 0.0,