{
    "name": "root",
    "metadata": {
        "timer_format_version": "0.1.0",
        "start_time_seconds": "1618184291",
        "python_version": "3.8.6 (tags/v3.8.6:db45529, Sep 23 2020, 15:52:53) [MSC v.1927 64 bit (AMD64)]",
        "command_line_arguments": "C:\\Users\\dosso\\ProjectMain\\venv\\Scripts\\mlagents-learn",
        "mlagents_version": "0.25.0",
        "mlagents_envs_version": "0.25.0",
        "communication_protocol_version": "1.5.0",
        "pytorch_version": "1.8.1+cu102",
        "numpy_version": "1.20.2",
        "end_time_seconds": "1618184382"
    },
    "total": 90.195963,
    "count": 1,
    "self": 0.004627999999996746,
    "children": {
        "run_training.setup": {
            "total": 0.10968200000000028,
            "count": 1,
            "self": 0.10968200000000028
        },
        "TrainerController.start_learning": {
            "total": 90.081653,
            "count": 1,
            "self": 0.19375900000100899,
            "children": {
                "TrainerController._reset_env": {
                    "total": 24.185710300000004,
                    "count": 1,
                    "self": 24.185710300000004
                },
                "TrainerController.advance": {
                    "total": 65.457091599999,
                    "count": 8501,
                    "self": 0.08194499999868299,
                    "children": {
                        "env_step": {
                            "total": 65.37514660000032,
                            "count": 8501,
                            "self": 47.87942510000094,
                            "children": {
                                "SubprocessEnvManager._take_step": {
                                    "total": 17.411487099999135,
                                    "count": 8501,
                                    "self": 0.3428517999988081,
                                    "children": {
                                        "TorchPolicy.evaluate": {
                                            "total": 17.068635300000327,
                                            "count": 8501,
                                            "self": 7.254602000000656,
                                            "children": {
                                                "TorchPolicy.sample_actions": {
                                                    "total": 9.814033299999672,
                                                    "count": 8501,
                                                    "self": 9.814033299999672
                                                }
                                            }
                                        }
                                    }
                                },
                                "workers": {
                                    "total": 0.0842344000002484,
                                    "count": 8500,
                                    "self": 0.0,
                                    "children": {
                                        "worker_root": {
                                            "total": 68.14063629999988,
                                            "count": 8500,
                                            "is_parallel": true,
                                            "self": 26.767414600000095,
                                            "children": {
                                                "steps_from_proto": {
                                                    "total": 0.004369600000000418,
                                                    "count": 1,
                                                    "is_parallel": true,
                                                    "self": 0.0013495000000034452,
                                                    "children": {
                                                        "_process_rank_one_or_two_observation": {
                                                            "total": 0.0030200999999969724,
                                                            "count": 2,
                                                            "is_parallel": true,
                                                            "self": 0.0030200999999969724
                                                        }
                                                    }
                                                },
                                                "UnityEnvironment.step": {
                                                    "total": 41.368852099999785,
                                                    "count": 8500,
                                                    "is_parallel": true,
                                                    "self": 0.41620969999949864,
                                                    "children": {
                                                        "UnityEnvironment._generate_step_input": {
                                                            "total": 0.8962196999997474,
                                                            "count": 8500,
                                                            "is_parallel": true,
                                                            "self": 0.8962196999997474
                                                        },
                                                        "communicator.exchange": {
                                                            "total": 38.17721700000055,
                                                            "count": 8500,
                                                            "is_parallel": true,
                                                            "self": 38.17721700000055
                                                        },
                                                        "steps_from_proto": {
                                                            "total": 1.8792056999999893,
                                                            "count": 8500,
                                                            "is_parallel": true,
                                                            "self": 1.1775026000003628,
                                                            "children": {
                                                                "_process_rank_one_or_two_observation": {
                                                                    "total": 0.7017030999996265,
                                                                    "count": 17000,
                                                                    "is_parallel": true,
                                                                    "self": 0.7017030999996265
                                                                }
                                                            }
                                                        }
                                                    }
                                                }
                                            }
                                        }
                                    }
                                }
                            }
                        }
                    }
                },
                "trainer_threads": {
                    "total": 2.069999999321226e-05,
                    "count": 1,
                    "self": 2.069999999321226e-05,
                    "children": {
                        "thread_root": {
                            "total": 0.0,
                            "count": 0,
                            "is_parallel": true,
                            "self": 0.0,
                            "children": {
                                "trainer_advance": {
                                    "total": 65.57225929999969,
                                    "count": 4318,