{
    "name": "root",
    "metadata": {
        "timer_format_version": "0.1.0",
        "start_time_seconds": "1619809747",
        "python_version": "3.8.9 (tags/v3.8.9:a743f81, Apr  2 2021, 11:10:41) [MSC v.1928 64 bit (AMD64)]",
        "command_line_arguments": "C:\\Users\\dosso\\ProjectMain\\venv\\Scripts\\mlagents-learn config/MoveAgent.yaml --initialize-from=frun4 --run-id=rf6",
        "mlagents_version": "0.25.0",
        "mlagents_envs_version": "0.25.0",
        "communication_protocol_version": "1.5.0",
        "pytorch_version": "1.8.1+cu102",
        "numpy_version": "1.20.2",
        "end_time_seconds": "1619809781"
    },
    "total": 33.7616874,
    "count": 1,
    "self": 0.005330100000001892,
    "children": {
        "run_training.setup": {
            "total": 0.13036150000000002,
            "count": 1,
            "self": 0.13036150000000002
        },
        "TrainerController.start_learning": {
            "total": 33.6259958,
            "count": 1,
            "self": 0.03147100000000336,
            "children": {
                "TrainerController._reset_env": {
                    "total": 6.3735245,
                    "count": 1,
                    "self": 6.3735245
                },
                "TrainerController.advance": {
                    "total": 27.110066899999996,
                    "count": 1029,
                    "self": 0.009037300000095172,
                    "children": {
                        "env_step": {
                            "total": 27.1010295999999,
                            "count": 1029,
                            "self": 25.64369559999991,
                            "children": {
                                "SubprocessEnvManager._take_step": {
                                    "total": 1.4472727999999329,
                                    "count": 1029,
                                    "self": 0.04811529999999653,
                                    "children": {
                                        "TorchPolicy.evaluate": {
                                            "total": 1.3991574999999363,
                                            "count": 928,
                                            "self": 0.6013982999999099,
                                            "children": {
                                                "TorchPolicy.sample_actions": {
                                                    "total": 0.7977592000000264,
                                                    "count": 928,
                                                    "self": 0.7977592000000264
                                                }
                                            }
                                        }
                                    }
                                },
                                "workers": {
                                    "total": 0.010061200000057724,
                                    "count": 1028,
                                    "self": 0.0,
                                    "children": {
                                        "worker_root": {
                                            "total": 28.399642400000037,
                                            "count": 1028,
                                            "is_parallel": true,
                                            "self": 3.8108253000000225,
                                            "children": {
                                                "steps_from_proto": {
                                                    "total": 0.0008487999999999829,
                                                    "count": 1,
                                                    "is_parallel": true,
                                                    "self": 0.00012150000000055172,
                                                    "children": {
                                                        "_process_rank_one_or_two_observation": {
                                                            "total": 0.0007272999999994312,
                                                            "count": 4,
                                                            "is_parallel": true,
                                                            "self": 0.0007272999999994312
                                                        }
                                                    }
                                                },
                                                "UnityEnvironment.step": {
                                                    "total": 24.587968300000014,
                                                    "count": 1028,
                                                    "is_parallel": true,
                                                    "self": 0.08993109999999405,
                                                    "children": {
                                                        "UnityEnvironment._generate_step_input": {
                                                            "total": 0.32857590000001125,
                                                            "count": 1028,
                                                            "is_parallel": true,
                                                            "self": 0.32857590000001125
                                                        },
                                                        "communicator.exchange": {
                                                            "total": 23.425801300000007,
                                                            "count": 1028,
                                                            "is_parallel": true,
                                                            "self": 23.425801300000007
                                                        },
                                                        "steps_from_proto": {
                                                            "total": 0.7436600000000002,
                                                            "count": 1028,
                                                            "is_parallel": true,
                                                            "self": 0.10488829999996341,
                                                            "children": {
                                                                "_process_rank_one_or_two_observation": {
                                                                    "total": 0.6387717000000368,
                                                                    "count": 4112,
                                                                    "is_parallel": true,
                                                                    "self": 0.6387717000000368
                                                                }
                                                            }
                                                        }
                                                    }
                                                }
                                            }
                                        }
                                    }
                                }
                            }
                        }
                    }
                },
                "trainer_threads": {
                    "total": 2.5700000001904755e-05,
                    "count": 1,
                    "self": 2.5700000001904755e-05,
                    "children": {
                        "thread_root": {
                            "total": 0.0,
                            "count": 0,
                            "is_parallel": true,
                            "self": 0.0,