{
    "name": "root",
    "metadata": {
        "timer_format_version": "0.1.0",
        "start_time_seconds": "1618356641",
        "python_version": "3.8.6 (tags/v3.8.6:db45529, Sep 23 2020, 15:52:53) [MSC v.1927 64 bit (AMD64)]",
        "command_line_arguments": "C:\\Users\\dosso\\ProjectMain\\venv\\Scripts\\mlagents-learn --run-id=firstlvlv1",
        "mlagents_version": "0.25.0",
        "mlagents_envs_version": "0.25.0",
        "communication_protocol_version": "1.5.0",
        "pytorch_version": "1.8.1+cu102",
        "numpy_version": "1.20.2",
        "end_time_seconds": "1618356694"
    },
    "total": 52.3061188,
    "count": 1,
    "self": 0.0035312000000047306,
    "children": {
        "run_training.setup": {
            "total": 0.03642350000000005,
            "count": 1,
            "self": 0.03642350000000005
        },
        "TrainerController.start_learning": {
            "total": 52.2661641,
            "count": 1,
            "self": 0.09811789999996279,
            "children": {
                "TrainerController._reset_env": {
                    "total": 5.72178,
                    "count": 1,
                    "self": 5.72178
                },
                "TrainerController.advance": {
                    "total": 46.31986070000003,
                    "count": 4831,
                    "self": 0.04109740000001949,
                    "children": {
                        "env_step": {
                            "total": 46.27876330000001,
                            "count": 4831,
                            "self": 36.806216299999996,
                            "children": {
                                "SubprocessEnvManager._take_step": {
                                    "total": 9.420458699999934,
                                    "count": 4831,
                                    "self": 0.16718009999997108,
                                    "children": {
                                        "TorchPolicy.evaluate": {
                                            "total": 9.253278599999962,
                                            "count": 3221,
                                            "self": 2.8711773000002285,
                                            "children": {
                                                "TorchPolicy.sample_actions": {
                                                    "total": 6.382101299999734,
                                                    "count": 3221,
                                                    "self": 6.382101299999734
                                                }
                                            }
                                        }
                                    }
                                },
                                "workers": {
                                    "total": 0.05208830000007758,
                                    "count": 4830,
                                    "self": 0.0,
                                    "children": {
                                        "worker_root": {
                                            "total": 47.69254279999997,
                                            "count": 4830,
                                            "is_parallel": true,
                                            "self": 18.49957740000008,
                                            "children": {
                                                "steps_from_proto": {
                                                    "total": 0.0003380000000001715,
                                                    "count": 1,
                                                    "is_parallel": true,
                                                    "self": 0.00014260000000021478,
                                                    "children": {
                                                        "_process_rank_one_or_two_observation": {
                                                            "total": 0.00019539999999995672,
                                                            "count": 2,
                                                            "is_parallel": true,
                                                            "self": 0.00019539999999995672
                                                        }
                                                    }
                                                },
                                                "UnityEnvironment.step": {
                                                    "total": 29.19262739999989,
                                                    "count": 4830,
                                                    "is_parallel": true,
                                                    "self": 0.30017729999973497,
                                                    "children": {
                                                        "UnityEnvironment._generate_step_input": {
                                                            "total": 1.1145541000000012,
                                                            "count": 4830,
                                                            "is_parallel": true,
                                                            "self": 1.1145541000000012
                                                        },
                                                        "communicator.exchange": {
                                                            "total": 26.847124500000024,
                                                            "count": 4830,
                                                            "is_parallel": true,
                                                            "self": 26.847124500000024
                                                        },
                                                        "steps_from_proto": {
                                                            "total": 0.9307715000001258,
                                                            "count": 4830,
                                                            "is_parallel": true,
                                                            "self": 0.4428614000002291,
                                                            "children": {
                                                                "_process_rank_one_or_two_observation": {
                                                                    "total": 0.48791009999989665,
                                                                    "count": 9660,
                                                                    "is_parallel": true,
                                                                    "self": 0.48791009999989665
                                                                }
                                                            }
                                                        }
                                                    }
                                                }
                                            }
                                        }
                                    }
                                }
                            }
                        }
                    }
                },
                "trainer_threads": {
                    "total": 3.2100000005641505e-05,
                    "count": 1,
                    "self": 3.2100000005641505e-05,
                    "children": {
                        "thread_root": {
                            "total": 0.0,
                            "count": 0,
                            "is_parallel": true,
                            "self": 0.0,
                            "children": {
                                "trainer_advance": {
                                    "total": 46.38246029999993,